"date","AU_(Other)","JP_(Other)","NZ_(Other)","AU_Affiliates","JP_Affiliates","NZ_Affiliates","AU_Direct","JP_Direct","NZ_Direct","AU_Display","JP_Display","NZ_Display","AU_Email","JP_Email","NZ_Email","JP_Organic Search","NZ_Organic Search","JP_Paid Search","NZ_Paid Search","AU_Paid Social","JP_Paid Social","AU_Referral","JP_Referral","NZ_Referral","AU_Social","JP_Social","NZ_Social","NZ_Paid Social","AU_Other Advertising","JP_Other Advertising","NZ_Other Advertising","AU_SEM"
2020-09-01,0,103.879271,0,5322.067895,0,88.952134,8774.704474,7186.86618,80.865576,0,3878.454121,0,8135.801397,6441.549001,532.575458,14614.340687,619.715076,14361.844295,1676.003939,0,0,16497.975086,3124.217611,1382.665459,0,643.354252,256.074324,0,0,0,0,30259.21518
2020-09-02,0,114.242428,0,6559.751979,0,0,8499.012822,7975.079428,117.650369,0,2301.509032,0,12122.404301,6153.596804,681.560759,14394.989626,1397.058277,16474.130975,1148.071861,81.147182,0,20180.395608,3433.504782,1556.058482,0,671.95319,456.487791,0,0,0,0,37036.118619
2020-09-03,0,215.725058,0,5448.541666,0,0,6790.825325,5692.829193,0,0,2634.799702,0,3397.79518,4922.578691,1336.601143,12088.983322,930.29378,14160.901647,1281.154368,0,0,16077.592653,3536.466371,649.365547,533.662715,310.219073,0,0,0,0,0,31754.641824
2020-09-04,0,253.737372,0,4609.866826,0,167.911153,8096.263476,10594.860115,706.57013,0,2168.440179,0,5238.347538,5942.992741,0,11276.603127,826.362144,10805.2533,527.330407,1106.920597,0,18663.805871,3543.63631,1097.167521,517.048438,230.938167,241.79206,0,0,0,0,20213.049879
2020-09-05,0,0,0,2555.893847,0,0,3998.977364,5985.211533,100.709431,0,2960.979031,0,2582.293296,3273.776436,112.836295,12212.861071,596.289259,16791.268072,588.814474,553.35549,0,15538.828467,3252.361167,539.168416,0,441.037526,154.421128,0,0,0,0,26960.80444
2020-09-06,0,0,0,6276.994632,0,122.210366,10804.338606,7764.821771,213.532398,0,4566.373761,0,3932.090227,7617.530023,161.156527,20417.563191,1642.9081,17543.130646,1616.246017,1186.254696,0,9458.696063,3272.934243,929.658314,327.496802,579.35997,161.156527,0,0,0,0,31977.427426
2020-09-07,0,0,0,4285.293152,0,134.297106,9094.819052,5402.252184,444.859161,0,3668.012336,0,4123.548613,5019.300096,2444.54306,13191.769552,413.523332,14641.178263,1757.949114,422.106988,0,8249.244145,5624.542842,1062.290107,1164.433071,343.723212,154.441672,0,0,0,0,39092.336293
2020-09-08,0,0,0,4604.744442,92.131432,80.347399,7179.463594,4977.506864,1034.14177,0,3550.258943,0,4828.821636,3384.151658,1533.515348,11434.185596,2401.090318,14739.08231,202.542401,595.446442,0,12233.698637,2780.715835,697.419618,465.880662,608.688564,289.250635,0,0,0,0,35509.636631
2020-09-09,0,203.275153,0,4466.639174,0,245.363325,7091.473553,4064.080942,453.454441,0,3060.345248,0,6116.14366,4276.022607,1342.747812,11063.160737,1559.088956,13368.647697,1107.624848,1128.721847,0,17030.487239,2596.865544,1793.983774,370.456852,149.240601,30.211545,0,0,0,0,35752.405695
2020-09-10,0,92.227206,0,5513.798715,616.575141,0,9277.352282,5480.795119,79.956308,0,2432.741491,0,6676.1616,3726.881443,1068.742804,12586.343311,1759.074429,13113.176993,1181.290852,289.917983,0,19316.022009,5097.576326,1258.303573,489.357882,461.251774,106.60841,0,0,0,0,28207.150011
2020-09-11,0,150.292721,0,4585.898337,0,226.634102,7656.267903,5891.086534,74.655939,0,2581.620302,0,7861.152289,4095.717394,852.499087,14641.345839,508.32696,13719.0086,556.440454,225.345749,0,13052.41587,2704.736021,738.227258,712.501862,707.919466,546.523731,0,0,0,0,25404.493987
2020-09-12,128.936822,694.217223,0,3340.988997,0,206.760152,5854.303197,5927.285279,166.742058,0,3434.789477,0,4166.880998,4055.143745,491.190114,17411.361181,704.238983,19303.434402,896.855319,158.803544,197.914764,11957.957615,3858.442511,696.225826,361.314485,504.634745,96.680592,0,0,0,0,30366.996248
2020-09-13,0,0,0,3207.645456,0,84.031197,7875.135513,8085.098439,0,0,3415.465671,0,4140.476814,11850.446474,210.754837,21728.292125,920.678921,18799.691785,660.251545,269.528951,129.518138,13884.835352,5349.39281,556.206498,0,349.399049,46.683998,0,0,0,0,35252.297715
2020-09-14,0,303.59182,0,3723.876304,0,0,7176.571759,6130.978959,484.179757,0,2456.503368,0,3777.707,3970.157735,335.524566,13611.538788,478.177527,15232.152053,1103.743109,1309.736312,40.409832,12609.989884,4173.855324,739.193095,582.755771,652.256145,329.855796,0,0,0,0,40521.673455
2020-09-15,0,46.788352,0,2989.909183,0,121.958318,8468.487927,5069.36231,555.513438,0,2563.653343,0,3169.752358,4120.304457,184.947779,12269.459876,1500.566788,14682.378527,2116.358209,1569.972689,243.890223,13694.115167,6213.650912,1372.880577,72.855133,394.061899,0,0,0,0,0,32866.187534
2020-09-16,0,207.490983,0,4166.043078,93.840143,0,6576.659545,4843.919342,801.267981,0,3397.155612,0,5152.711119,5069.934945,1435.062951,16809.011016,2996.91634,16799.791437,1307.572311,2314.765558,0,15095.879994,4564.767158,1583.207803,266.86337,1092.902781,283.551437,0,0,0,0,32867.818928
2020-09-17,0,561.682231,0,5509.720932,0,0,8185.989164,5627.26327,1345.38981,0,3007.868277,0,4895.829106,5700.530234,245.346278,12375.31144,1536.0947,15085.535338,857.415373,1769.735075,277.550814,19410.947551,5045.323729,1593.577703,802.956537,672.594608,258.599302,0,0,0,0,28236.76724
2020-09-18,0,423.085201,0,3066.47908,593.453673,0,5611.420881,58383.211766,354.348235,0,9957.176062,0,2645.538624,41986.889992,339.598754,56656.474765,695.241868,36790.793612,756.851389,2651.261316,0,12631.805442,28124.484429,132.066182,627.888163,11458.898292,14.149948,0,0,0,0,23220.894139
2020-09-19,0,249.017619,0,3618.843623,0,230.194171,4781.09647,15715.499936,0,0,6199.15043,0,2460.2836,18318.143967,235.047679,30133.746782,814.664288,22684.097207,822.978537,2356.632253,0,10303.924627,10249.568915,1463.658152,620.545531,3361.25253,270.13963,0,0,0,0,20591.58157
2020-09-20,0,0,0,5692.813993,0,0,4997.703897,10549.707306,906.388995,0,6074.312746,0,1489.708957,14784.307108,235.548494,22137.012223,2130.631771,23583.812048,531.33784,368.615464,131.573303,13949.337993,7646.81605,300.188958,277.385491,2985.810979,209.48925,0,0,0,0,33003.060601
2020-09-21,0,362.080161,0,4294.617012,0,0,7039.720102,9793.120543,465.005218,0,4263.625695,0,1827.610448,8527.764746,64.978895,21005.60602,2344.273619,26237.429445,639.974429,693.390864,126.310371,9879.681208,7570.077157,1380.124661,262.758643,748.494204,0,0,0,0,0,28913.959817
2020-09-22,0,240.22642,0,4390.001217,0,0,5959.77898,8539.345321,223.98712,0,5911.802004,0,5583.883244,12005.85655,259.758197,22606.188431,1041.555827,23787.766419,1270.897874,1040.384905,273.702319,10198.128243,6263.195182,1650.818508,160.574727,679.822054,215.9637,0,0,0,0,29483.118596
2020-09-23,0,102.619115,0,3407.558567,0,0,5291.666114,32396.828495,544.736518,0,7207.310783,0,1838.860301,35755.555616,536.583298,26084.303565,1255.781187,25771.433769,1072.775279,536.018589,0,11227.42793,16284.307797,1608.090073,353.341327,2448.521219,152.79195,0,0,0,0,23259.036719
2020-09-24,0,79.584205,0,6139.183152,0,197.06326,6015.298756,15499.155483,324.169062,0,6962.010767,0,2359.536234,18388.263879,124.478292,23480.752325,1500.144596,23699.094664,1295.658619,141.936588,0,11543.781166,10608.418245,452.588619,567.74635,1270.105072,379.578275,0,0,0,0,20232.592518
2020-09-25,0,98.234324,0,3374.09081,0,0,5629.391108,11416.314837,430.064412,0,5151.754885,0,3601.158199,11813.936137,117.693296,20679.514137,577.753443,20546.252478,639.187745,916.017647,61.561065,10972.03009,6292.671669,98.077746,140.925792,1789.159867,13.730884,0,0,0,0,19020.238296
2020-09-26,0,197.244383,0,3935.623828,133.413658,183.07846,4451.83932,8710.654935,311.807137,0,4922.927685,0,1543.034601,10115.744112,0,21655.464897,1276.191965,25663.845433,906.598904,70.340137,133.484934,8137.12921,7270.354371,160.992148,0,1501.319938,63.423609,0,0,0,0,19455.309429
2020-09-27,0,25.013142,0,2901.543246,158.520792,0,5647.879303,11057.463427,289.503126,0,7459.11334,0,1920.765193,13704.842746,98.247667,22681.756028,2145.780863,26340.029593,629.460006,1118.327184,120.584192,7671.666292,7829.408807,174.225862,846.750809,1986.499025,0,0,0,0,0,23967.265817
2020-09-28,0,39.604142,0,3206.630719,135.487856,347.141757,5255.004542,22775.053649,403.470419,0,5451.434423,0,2152.419947,22123.878218,402.487942,19752.58586,1522.183855,18953.500421,1034.220438,398.053444,117.770213,10095.596895,12850.104026,1590.95722,372.748729,2057.255179,0,0,0,0,0,26669.955241
2020-09-29,0,135.69794,0,4018.941706,0,190.08591,7233.151199,13059.491381,670.964577,0,5752.682813,0,4811.983106,18302.753173,100.901498,18010.978114,1026.334145,20690.041348,276.553541,161.758882,51.01355,10386.092611,9206.592779,457.271143,245.859897,2044.226563,340.698438,0,0,0,0,26063.130646
2020-09-30,0,296.090935,0,2338.713374,0,0,5900.884481,11264.156822,214.782321,0,8185.275066,0,3082.379881,15777.073884,451.054591,23494.883,1481.338677,24844.118676,627.220508,84.781711,530.173328,9469.211621,8352.811713,922.574855,377.516597,1342.261888,361.485878,0,0,0,0,24106.000459
2020-10-01,0,78.150779,0,3469.034749,0,0,4573.604098,8270.462638,177.887198,0,3756.169208,0,5077.828448,10978.217052,444.445303,17167.672668,343.960802,18034.333089,1909.480538,212.724725,66.688664,12888.500137,6021.81566,653.359464,41.306014,1367.696362,0,0,0,0,0,23805.715273
2020-10-02,0,1943.398798,0,4103.331467,0,250.905778,5521.778462,6783.530263,46.219485,0,7066.34039,0,5007.830451,8772.708066,594.286435,14043.923799,733.382683,18560.756015,662.879433,71.84046,135.46135,9115.789292,6339.258286,561.628085,617.242909,1128.428306,119.578244,0,0,0,0,18942.896648
2020-10-03,0,4980.522929,0,5481.892636,38.662699,129.99124,4235.211469,9390.042523,285.659138,0,3484.861023,0,2493.869535,6706.906033,500.037119,18002.523047,763.034595,19651.382183,459.51338,143.134813,128.341692,6268.60801,5368.425545,414.06474,185.092465,1405.276983,0,0,0,0,0,20516.236296
2020-10-04,0,2802.945502,0,3880.951974,40.752574,0,5376.867298,9074.57423,592.641357,0,5385.890195,0,1931.691174,12991.888797,189.042839,21868.458339,745.814573,27294.901456,1355.763262,629.723578,0,8283.817883,7328.971009,599.589276,0,723.067687,0,0,0,0,0,22902.389964
2020-10-05,0,799.345055,0,5526.281065,0,0,7801.620368,8315.097954,235.474414,0,3282.862194,0,2497.966048,7703.767581,310.428242,17479.401479,813.547516,18924.833929,509.420704,157.464909,0,9192.286017,4751.738295,740.251961,155.968992,1130.177976,159.19397,0,0,0,0,25786.195746
2020-10-06,0,5520.097695,0,3263.925973,0,201.815483,4260.89048,6279.605294,573.242044,0,4252.902248,0,2912.827692,5599.148736,195.189192,15973.521237,1502.890503,18065.207385,1112.462368,165.203023,66.618902,10074.708412,4586.05429,1312.887285,0,1320.281884,6.644401,0,0,0,0,25716.868332
2020-10-07,0,955.997845,0,3449.885797,0,0,6451.137214,19285.561289,258.574935,0,4189.402257,0,1961.098579,13618.914968,178.746627,17580.952752,932.400795,15280.112244,789.548818,301.567344,255.144942,11815.227546,7040.538499,901.237327,0,1584.807311,0,0,0,0,0,24071.312709
2020-10-08,0,1298.047104,0,3085.456993,286.46186,0,5290.920051,10035.360783,520.162041,0,4340.8126,0,6015.619217,9331.948909,443.125384,16138.199687,894.602355,17042.987475,2133.709552,371.1154,0,11773.618462,6597.079483,544.700047,221.217862,1484.164907,0,0,0,0,0,25179.596983
2020-10-09,0,978.684609,0,1905.790053,0,0,4839.695317,12475.421732,642.030413,0,4801.162864,0,3459.373886,12423.604813,650.594639,18026.78085,1676.387684,15697.285699,770.773196,0,0,8041.857744,7225.293145,730.28342,227.838544,1887.297021,231.147501,0,0,0,0,19597.133484
2020-10-10,0,853.057576,0,1961.551976,62.42309,146.255481,3584.14891,9575.312109,158.049573,0,5555.871709,0,1724.528596,9141.267614,194.511843,17255.217224,952.755701,24048.610826,972.508767,86.569113,178.506167,8532.105174,7889.524928,546.760371,332.12504,1453.816721,0,0,0,0,0,18567.386723
2020-10-11,0,757.537735,0,1927.206134,39.541804,0,5227.971993,10397.723135,166.286548,0,4133.20886,0,1408.930038,8722.074845,223.426381,20434.557298,649.456177,25052.210622,611.591466,49.078413,345.459355,10023.108366,5867.239963,602.561802,0,1494.245659,0,0,0,0,0,27598.428456
2020-10-12,0,1518.821538,0,2746.758587,0,0,7727.935846,9231.384327,371.151574,0,3421.936433,0,1581.713331,5317.672721,624.572274,17570.301447,1219.041877,19010.479434,870.676364,63.525989,189.384434,9810.49605,4908.206919,550.741047,0,722.063627,0,0,0,0,0,28537.948839
2020-10-13,0,1159.348737,0,2775.61631,0,239.35676,7063.588781,7298.27322,529.244392,0,2778.10304,0,1289.570889,9246.969279,277.301249,18748.422946,1086.502898,23926.958961,1725.44853,100.899721,0,7936.217345,4577.093206,1682.293119,259.477024,543.353302,0,0,0,0,0,29018.656443
2020-10-14,0,568.12605,0,4145.180529,0,106.411388,7134.860226,7812.597372,858.664147,0,3955.373549,0,2034.839145,10003.838146,433.596566,16303.605868,1490.636532,17721.531887,1496.719728,0,0,11228.945977,5610.474539,445.579705,129.774561,483.885539,138.334805,0,0,0,0,27713.665486
2020-10-15,0,350.4308,107.076459,2309.030129,0,0,4402.451743,4249.87604,103.914545,0,4872.416085,0,2492.343881,10309.902149,885.095755,16284.754453,1830.984777,16142.016901,1629.306015,0,87.807798,9737.289361,5570.362626,930.115683,0,858.326788,107.076459,0,0,0,0,23609.17878
2020-10-16,0,324.807596,0,2526.513416,0,0,4625.346897,14537.211988,0,0,3055.912111,0,6275.660826,13205.619091,23.31416,16549.080346,120.092437,19148.948827,1119.481248,0,69.085043,8434.988989,9359.250571,350.973799,0,1846.460088,0,0,0,0,0,18743.913129
2020-10-17,70.820792,401.128677,0,2929.094364,0,0,6787.618536,9590.420046,245.463662,0,4840.269073,0,5938.803452,8498.935839,0,22142.620183,486.683872,21275.691519,757.99867,212.433257,358.113319,9128.347633,6689.236344,505.075063,0,1426.25534,0,0,0,0,0,19257.4453
2020-10-18,0,311.321584,0,2256.882383,0,0,5987.375811,7148.287984,118.89452,0,3526.460393,0,2204.466976,11383.787893,180.319325,20921.795459,606.350713,24672.163192,416.784922,368.240516,156.598851,7867.554948,5325.285807,505.958248,0,861.540437,171.732691,0,0,0,0,25371.04072
2020-10-19,0,366.441309,0,3977.605257,0,0,5524.648717,8147.116875,429.331727,0,3112.786532,0,1679.6937,5600.022336,586.533189,18017.87463,617.907431,17584.845573,1384.42969,0,67.859502,6772.481273,6019.375084,536.994911,0,905.359646,0,0,0,0,0,23259.869575
2020-10-20,0,316.417366,0,2030.475451,0,0,4700.27921,5325.338784,317.706316,0,4014.876616,0,5135.087564,4351.152218,222.394421,18466.715738,1214.105121,17708.998249,837.591909,0,443.44443,8270.243475,5677.55741,204.882211,222.37882,594.788964,198.566448,0,0,0,0,21758.173828
2020-10-21,0,344.189943,0,2676.894295,0,0,5306.839102,6974.876468,453.878576,0,4869.472369,0,1143.144101,13147.819241,509.845562,19190.897664,624.049321,21715.506189,1009.762551,0,136.455459,12291.2423,8574.412325,1319.251519,112.782393,1460.357689,128.927827,0,0,0,0,21012.85298
2020-10-22,0,294.228337,0,3630.472051,40.652355,0,6112.464842,5371.281303,656.804636,0,2731.353844,0,2653.129643,4307.534283,502.926916,15023.946084,218.314039,17519.356608,2187.522257,113.651612,267.957948,9517.66089,5911.320234,1033.296942,119.371496,1172.038648,116.321318,0,0,0,0,20574.932139
2020-10-23,0,1516.07815,0,2140.956918,0,0,3658.205008,16941.487152,898.819693,0,4665.622172,0,3509.117015,85562.227,200.124938,38744.073503,214.083496,27906.907182,724.687097,0,559.591358,8421.228747,16280.737384,609.638114,0,8098.637604,0,0,0,0,0,20006.684525
2020-10-24,0,1317.80803,0,1966.499869,0,18.719744,3784.24701,10303.505089,71.077634,0,7595.629666,0,2151.056018,37413.841661,229.600845,35822.470104,395.404293,32056.191514,362.399198,99.789145,907.433443,6726.889462,15195.275616,608.128373,0,7961.936176,0,0,0,0,0,20711.827734
2020-10-25,0,451.478761,0,2816.892588,38.866249,0,4735.835308,7172.145044,427.941751,0,9397.601401,0,1808.242241,20895.196136,300.882619,28516.229953,795.702893,31420.58686,877.887358,0,0,7255.344268,10889.602745,683.351885,0,3900.516101,23.403064,0,0,0,0,20800.322928
2020-10-26,0,408.620842,0,2738.588771,0,0,4516.12742,7192.958682,389.828188,0,6953.792701,0,1546.199362,11293.806348,88.262986,18911.373663,1249.054987,22040.534514,841.173003,37.801263,0,6717.688981,8078.259223,347.702672,260.378583,1574.608319,0,0,0,0,0,16468.779597
2020-10-27,242.19353,863.167481,0,2128.787185,0,133.663804,3788.19192,6642.442339,120.297423,0,4191.155283,0,1549.206934,7443.142805,46.782331,16646.794903,842.149958,20750.345159,267.327608,0,191.950721,7410.314688,6816.19059,583.505058,85.480069,845.605424,18.378773,0,0,0,0,16424.587441
2020-10-28,0,421.889817,0,2347.911142,0,121.993236,5049.588546,13025.36404,123.70809,0,3283.414588,0,735.773371,8868.902741,180.978977,21586.856395,908.888166,13380.784796,1220.057278,0,231.142421,7614.928315,73008.759853,837.647857,171.118597,1424.269024,0,0,0,0,0,12101.000027
2020-10-29,0,1001.362359,0,1122.094121,0,0,3062.191729,14639.264388,291.244819,0,3087.775872,0,665.994601,7423.243021,99.869277,16104.521604,649.608836,12248.044624,713.592633,0,99.128599,7781.430879,54315.232613,641.628099,113.120072,912.716095,0,0,0,0,0,11589.646493
2020-10-30,217.975687,501.138492,0,813.058455,71.606257,0,3442.358106,9084.262324,592.610242,0,3126.221796,0,961.512628,8307.016469,0,15883.05551,1126.619264,15469.890006,909.769496,295.382026,168.48531,5087.989523,28320.407132,886.973097,0,978.803591,0,0,0,0,0,12424.313221
2020-10-31,203.905132,448.85139,0,1198.467304,172.554215,0,4014.729369,8413.212352,0,0,2787.418419,0,442.407559,9972.234588,116.009187,20072.55068,195.534788,17083.940748,1043.81452,988.765153,126.259182,5500.143067,22562.76409,185.468132,0,658.599997,0,0,0,0,0,13299.519492
2020-11-01,91.400417,401.852639,0,1834.859155,0,0,5084.562335,10963.142172,0,0,5221.089349,0,166.673912,12274.629189,0,24397.928513,1016.530709,17586.699411,1089.750659,1278.340936,0,9507.210641,19258.880245,129.792539,647.038296,1003.880308,0,0,0,0,0,14552.546795
2020-11-02,0,108.352937,0,1438.572725,0,0,4130.151416,8763.352211,137.73902,0,2898.072864,0,773.591998,6539.056715,87.411301,15885.420415,694.160813,17843.471797,765.511094,330.429274,78.89777,6507.624678,15302.552385,47.67889,0,986.164741,119.197229,0,0,0,0,13834.894843
2020-11-03,0,1895.245322,0,1643.207178,0,0,5301.940412,7831.057558,459.186421,0,4096.822829,0,229.44293,9476.340447,119.197229,20853.195319,1712.977062,20996.319767,533.136475,591.113204,383.206593,5085.85654,20775.894002,922.030213,408.481846,1018.698024,0,0,0,0,0,12442.65408
2020-11-04,206.88956,1361.473752,0,841.468619,0,200.491533,4550.41657,7156.192915,37.425086,0,2185.630888,0,742.131324,7196.248516,144.019751,12724.97216,239.37196,18841.239736,1011.725936,340.492565,134.570378,7073.942561,11406.430233,472.673126,140.855809,822.140902,0,0,0,0,0,12326.035281
2020-11-05,0,41.001912,0,1618.29133,0,0,2941.37327,9158.970285,0,0,2308.559149,0,632.438488,6265.157039,540.99939,15895.637305,1255.725546,13755.303628,939.840775,157.00484,594.6635,7135.572597,14531.880141,326.603336,121.622786,1334.329908,0,0,0,0,0,12151.090283
2020-11-06,0,389.213439,0,1735.737703,151.95,0,3124.160507,6035.075692,287.767384,0,4747.636526,0,84.457644,6424.293479,120.222087,14760.092386,89.842868,13557.113727,349.878603,130.5037,415.7382,5557.374295,12994.09095,0,333.509457,1532.957404,0,0,0,0,0,12660.879956
2020-11-07,0,290.602061,0,1298.726624,0,0,4382.381264,8806.559166,56.742864,0,4756.088755,0,348.336081,5348.322752,0,19976.678526,345.412098,15791.636157,772.511713,253.913633,0,8219.930226,11428.181436,293.580681,0,1322.186157,0,0,0,0,0,15490.153812
2020-11-08,0,1001.21776,0,1882.927574,0,0,4247.389069,9169.492659,183.033016,0,3868.91056,0,311.636226,12017.928436,81.348007,20824.055321,1782.315951,18080.970582,1612.750777,174.341944,0,8908.337397,14442.421125,610.144665,232.455925,1080.096129,0,0,0,0,0,16984.196768
2020-11-09,0,559.801746,0,1532.654558,0,0,4683.696329,6183.162687,101.685009,0,3405.075156,0,703.179176,4656.466718,0,17792.991542,421.653838,15445.380135,1283.264812,319.626898,0,8616.763418,19620.397995,551.810649,159.813449,760.546554,0,0,0,0,0,13885.162729
2020-11-10,0,349.129274,0,3140.823535,0,57.29476,6349.178825,5695.597318,210.901494,0,4012.047219,0,9413.41062,5894.981368,0,17918.352236,375.048988,19035.960494,526.805189,0,0,8899.170721,19938.459953,416.069091,247.794641,702.438809,0,0,0,0,0,16491.582595
2020-11-11,0,287.330737,0,1619.579988,0,0,3106.633782,5075.932266,0,0,3324.842477,0,3737.755252,6787.591341,0,12960.951076,94.95,19413.84964,170.520119,160.337709,0,10055.602462,6322.018829,0,232.359077,622.085262,0,0,0,0,0,13502.824011
2020-11-12,166.708197,919.894409,0,1995.347241,0,0,3093.885166,5802.358247,0,0,2691.808258,0,1569.629088,6395.694996,0,15456.702852,0,12173.069729,0,167.334291,33.379346,7930.184149,4452.900214,0,160.163341,734.906116,0,0,0,0,0,17339.37767
2020-11-13,0,512.325955,0,1599.625363,0,0,7318.328731,5108.696174,0,0,1747.463778,0,812.322446,9883.765069,0,17921.737247,0,15904.592823,0,536.432649,0,7322.410904,9731.578055,0,479.123295,2282.759616,0,0,0,0,0,13829.800568
2020-11-14,0,425.809321,0,1934.04519,0,0,3520.922493,3661.102537,0,0,2718.938614,0,130.677779,7785.876733,0,18745.49858,0,18603.900259,0,319.43457,0,5863.821704,5096.965756,0,470.983695,1313.190019,0,0,0,0,0,14873.285043
2020-11-15,72.618861,730.792583,0,855.41881,0,0,3041.092584,7828.069909,0,0,2174.773457,0,985.342132,10681.896002,0,22804.579115,0,18873.656978,0,341.308648,0,6781.338047,8431.666336,0,0,1422.049609,0,0,0,0,0,15940.003555
2020-11-16,0,352.897827,0,1394.173213,0,0,6180.47512,8879.285504,0,0,3684.526376,0,634.68885,7824.14392,0,17330.615566,0,19132.867428,0,0,0,6590.038229,5495.161481,0,0,968.845844,0,0,0,0,0,15297.582688
2020-11-17,0,290.159107,0,2245.276632,84.023292,0,4745.349911,4886.405701,0,0,4387.711844,0,708.999861,3933.931993,0,14259.921262,129.85,18985.184071,0,281.260976,0,9238.426102,4182.525885,0,0,797.362224,0,0,0,0,0,13486.38663
2020-11-18,0,353.631786,0,1834.665069,0,0,4710.813945,5339.821502,0,0,3313.428277,0,467.511951,5836.305901,0,14620.038741,0,16426.162639,0,42.324441,274.460492,6974.070789,2651.814023,0,248.515415,884.84845,0,0,0,0,0,13283.631371
2020-11-19,0,137.708274,0,1323.30754,0,0,4913.242429,7511.319604,0,0,3286.309516,0,42.392082,4311.273957,0,12199.048765,0,20105.380369,0,116.841463,137.708274,7106.414858,3409.044927,0,130.06667,857.101832,0,0,0,0,0,14636.674524
2020-11-20,165.814115,158.815504,0,2828.219238,0,0,4032.617096,7632.984728,0,0,3934.309903,0,2191.716696,13284.542498,0,16413.57443,0,19088.172735,0,189.177543,174.697055,6468.980429,6340.475624,0,0,3635.921651,0,0,0,0,0,9351.685131
2020-11-21,94.922046,523.623993,0,1758.179812,62.506627,0,6297.711907,8379.388764,0,0,4991.589365,0,699.689418,13881.370912,0,21641.932733,0,18301.113092,0,248.011828,78.348982,5920.371202,6080.044053,0,336.007243,2743.794471,0,0,0,0,0,17903.56116
2020-11-22,0,359.551244,0,2349.680459,0,0,6137.332834,8746.686499,0,0,5529.93431,0,810.786342,19479.156783,0,19661.456294,0,23415.109127,0,189.917138,146.193494,4554.059054,5243.706227,0,178.883374,851.158164,0,0,0,0,0,15778.74603
2020-11-23,109.565153,670.795073,0,3169.167818,0,0,8613.486433,9643.830036,0,0,4916.608515,0,37126.941041,21178.525563,0,26672.146923,0,30191.816701,0,340.185192,31.781194,13181.871237,7318.053346,0,332.705544,1885.154501,0,0,0,0,0,17495.240509
2020-11-24,5366.35003,58.051241,0,4354.563187,0,0,5013.644512,7826.164018,0,0,3581.012326,0,7554.628032,17378.547462,0,19960.433503,0,21662.19977,0,0,0,8557.605128,6380.945168,0,281.216195,1500.677368,0,0,0,0,0,20536.639089
2020-11-25,1975.351408,114.946162,0,4529.638245,0,0,5464.376362,5673.86352,0,0,2732.344056,0,5857.245496,8475.194661,0,14978.034315,0,18200.415497,0,242.41154,173.68239,10010.056119,4749.342599,0,225.652951,836.680224,0,0,0,0,0,19832.856538
2020-11-26,595.755915,587.969203,0,15172.625093,178.076693,0,14613.907873,5211.845013,0,0,2532.087692,0,25505.970543,8981.770222,0,14495.593302,235.427074,13485.082425,0,66.152331,0,26889.277584,2959.757595,0,171.303213,430.916636,0,0,0,0,0,49690.365422
2020-11-27,1195.652148,871.778249,0,19519.343991,279.227852,0,19594.146765,17742.384091,0,0,7812.036614,0,7240.970892,41915.333075,0,32593.304901,0,31070.577877,0,272.29778,875.77926,27910.299158,31788.224739,0,210.165248,6376.100464,0,0,0,0,0,72234.231796
2020-11-28,66.45996,769.860638,0,11381.920805,0,0,11400.308199,12751.830067,0,0,9680.023374,0,3810.972964,25994.819653,0,24441.942192,0,27233.052711,0,177.152714,1120.642384,15553.231689,32046.285865,0,88.33875,4164.602571,0,0,0,0,0,46437.773386
2020-11-29,77.90564,687.188551,0,12990.1629,0,0,17896.214383,17526.835741,0,0,10430.544406,0,4221.979747,38891.968793,0,27237.391834,44.310725,38462.680764,0,0,2008.854728,17804.777517,40811.248459,0,354.470824,3984.439958,0,0,0,0,0,56290.173658
2020-11-30,0,359.341907,0,13838.574287,71.868381,0,12634.066068,10016.348199,0,0,7304.671535,0,3004.990932,10236.228925,0,22450.966503,0,21863.879691,0,240.865718,227.230912,16309.005627,6432.306598,0,834.481738,841.66714,0,0,0,0,0,45753.505889
2020-12-01,82.854165,401.671698,0,6788.841344,40.100016,0,10841.515093,20127.836006,0,0,10299.779992,0,5089.143006,80992.126614,0,69075.937439,0,26569.338012,0,0,474.868616,16209.738518,22437.867975,0,912.102467,11605.875273,0,0,0,0,0,34869.252363
2020-12-02,103.017055,297.441971,0,4241.256817,0,0,6659.541581,10468.546688,0,0,6688.46747,0,14500.071046,14704.658489,0,20595.256229,30.066147,20851.343548,0,323.019951,361.525855,12309.783395,8332.438437,0,13.249301,3161.835292,0,0,0,0,0,20712.529599
2020-12-03,225.388578,841.735314,0,2327.080777,106.381451,0,3914.207547,8857.642822,0,0,5816.016769,0,3259.23134,11362.389854,0,18444.795123,0,19193.598259,0,0,114.80433,10776.510983,6148.186691,0,449.126015,1514.507972,0,0,0,0,0,19314.090985
2020-12-04,0,345.933917,0,4024.061684,0,0,5045.996186,8564.394538,0,0,4691.8514,0,7629.252978,8812.535936,0,16015.831696,0,15484.22658,0,642.450196,678.11511,11164.547266,7635.70599,0,273.559146,2411.813004,0,0,0,0,0,19043.926953
2020-12-05,0,316.185095,0,2513.423021,0,0,4548.930984,7630.232325,0,0,6524.461967,0,3352.114173,8161.985517,0,21215.207815,0,24885.465111,0,289.553828,800.16862,7444.090631,4614.839063,0,0,1808.033738,0,0,0,0,0,17210.971466
2020-12-06,0,939.463496,0,2238.609477,0,0,7421.116615,8924.306855,0,0,5693.230692,0,2948.802214,12819.954947,0,22944.725592,48.75,22504.558497,0,132.098717,539.940318,10191.838674,5062.873858,0,252.513264,1117.353836,0,0,0,0,0,24804.965714
2020-12-07,0,281.064824,0,3963.377482,0,0,6197.638919,10896.468239,0,0,4383.881197,0,1761.019112,6199.861575,0,14782.853369,0,17407.489506,0,311.899749,726.436339,8504.611643,5635.791571,0,83.891301,1047.826181,0,0,0,0,0,20226.413856
2020-12-08,0,221.720683,0,4011.240491,0,0,5306.642404,6708.048943,0,0,4328.801609,0,1855.43747,5407.907927,0,13935.147374,0,18528.702508,0,528.126556,922.610493,8940.003145,5324.10755,0,400.576751,1415.113934,0,0,0,0,0,20067.591734
2020-12-09,0,42.257723,0,4133.866448,0,0,4750.537273,11637.334158,0,0,3766.81288,0,2282.589659,6473.437493,0,15382.746649,0,16122.30181,0,191.270145,948.23435,11559.64406,3103.359107,0,120.787757,1816.309594,0,0,0,0,0,19803.474671
2020-12-10,52.152839,15.830423,0,3406.44896,0,0,6724.765262,8396.814958,0,0,4148.331991,0,1866.170869,6575.969066,0,15274.947002,0,18003.350946,0,573.777489,690.292971,12737.104156,4718.518867,0,1245.069825,1842.272434,0,0,0,0,0,21150.565666
2020-12-11,563.512743,1316.820487,0,3034.346753,0,0,6383.665689,21775.881865,0,0,8241.421922,0,499.627097,54741.040509,0,39584.315191,0,34039.874565,0,310.311592,903.911363,10413.846184,15722.889568,0,1684.65062,6411.11672,0,0,0,0,0,16938.546987
2020-12-12,0,185.044617,0,2894.145925,0,0,4586.888738,19206.677515,0,0,8912.367189,0,1110.082251,27863.384215,0,32046.231307,0,28431.943532,0,0,957.894848,10415.684577,9241.839123,0,842.686114,2926.233223,0,0,0,0,0,18356.798694
2020-12-13,617.773768,529.746939,0,5345.015462,0,0,6484.7325,16228.078719,0,0,7197.230626,0,1911.898479,28901.175379,0,36791.293824,0,32490.325877,0,30.101307,667.210168,12012.325692,11027.096465,0,1385.637366,2772.936058,0,0,0,0,0,25096.722116
2020-12-14,75.347453,0,0,5699.884139,350.925901,0,9567.695603,12302.980938,0,0,7708.466802,0,16785.483689,12234.010975,0,21242.640748,0,25450.269489,0,30.101307,1295.933458,14879.946587,8463.791161,0,1128.697315,1552.232545,0,0,0,0,0,24936.689416
2020-12-15,0,205.329573,0,5712.7648,0,0,9048.985228,29935.762662,0,0,8117.2844,0,3728.245138,10478.577696,0,22976.554003,0,22073.601593,0,245.231389,2107.776214,11214.597812,9589.849684,0,895.420474,1638.740598,0,0,0,0,0,26198.620645
2020-12-16,120.657105,337.672247,0,5747.534017,0,0,6395.808713,28921.351245,0,0,9167.436365,0,6072.94074,16838.867032,0,23714.70377,0,22653.019075,0,0,1109.252001,15175.928042,10135.75518,0,1131.54388,2563.755744,0,0,0,0,0,22944.275302
2020-12-17,201.962304,0,0,9642.16354,14.838077,0,13630.208225,9900.652375,0,0,5740.614543,0,34088.223564,14642.738905,0,21014.04409,0,21536.232033,0,0,1324.632733,29284.728057,8550.284165,0,1252.73098,2738.067895,0,0,0,0,0,32228.682018
2020-12-18,128.818974,92.16232,0,6569.805116,0,0,7559.823646,11131.59132,0,0,8161.672498,0,13419.089769,24251.860221,0,22189.721555,0,23989.367311,0,3560.015241,1221.877654,22944.31432,8037.251327,0,1279.805069,2213.87699,0,0,0,0,0,25404.863203
2020-12-19,290.083743,93.869029,0,4267.855783,0,0,9793.115522,13502.94726,0,0,6427.264454,0,5219.478436,22195.931038,0,29246.133633,0,28231.13657,0,5327.669201,1087.150037,18609.257053,12742.98067,0,1535.868447,2970.313221,0,0,0,0,0,19976.44258
2020-12-20,0,117.083601,0,3772.724439,74.507746,0,9974.772597,8739.142002,0,0,8191.074579,0,4099.697835,13390.227682,0,29467.656385,0,29325.994074,0,2960.202693,2101.083028,18945.903328,6926.948493,0,123.733654,1315.384088,0,0,0,0,0,19168.755235
2020-12-21,0,233.102805,0,4228.188366,73.443349,0,6856.245504,9192.320574,0,0,2961.373253,0,3073.772408,7590.28792,0,21717.353271,0,21825.58302,0,2901.078301,1629.165082,14069.300799,7418.533058,0,1286.830009,787.440433,0,0,0,0,0,22235.779876
2020-12-22,0,350.801658,0,3547.692297,0,0,6642.701361,8278.557867,0,0,4256.944263,0,3632.642463,7881.105796,0,15597.882882,0,19510.735261,0,2204.471809,1070.716116,14467.457569,5966.9946,0,753.590867,2258.715907,0,0,0,0,0,18520.9709
2020-12-23,0,593.896579,0,2005.259336,0,0,6660.148743,8513.485829,0,0,3049.876736,0,1705.74252,13260.265191,0,22259.952886,0,19440.076652,0,2360.034395,430.261795,11169.628533,6152.591855,0,935.475388,794.106599,0,0,0,0,0,13307.317857
2020-12-24,106.070402,989.736447,0,7347.676986,0,0,10331.951413,9063.654893,0,0,5976.46303,0,28616.775558,17520.485664,0,20095.646255,0,16970.242823,0,1850.322392,464.311335,25654.89524,6010.721987,0,1325.320252,1518.551462,0,0,0,0,0,25444.363311
2020-12-25,0,545.510776,0,5524.178613,0,0,10744.90115,9632.372848,0,0,4147.634572,0,7106.094189,14194.730431,0,19821.368622,0,20559.843336,0,1658.772166,255.774505,17158.735267,4134.796843,0,343.086057,3241.370775,0,0,0,0,0,27805.087582
2020-12-26,113.892751,572.807952,0,27318.852286,62.616995,0,39355.420186,15538.756787,0,0,5388.334755,0,9521.330463,27328.880315,0,25149.76464,0,23278.887388,0,998.440126,347.177801,44356.244577,6798.820347,0,1486.395186,2209.681695,0,0,0,0,0,106441.795542
2020-12-27,0,375.898851,0,13360.388888,604.067087,0,16492.448037,11255.464966,0,0,3783.34122,0,4700.904993,18640.167922,0,23453.146028,0,21901.532507,0,1044.93117,155.269457,21974.401017,8364.131375,0,1018.328388,3206.691541,0,0,0,0,0,59210.592745
2020-12-28,0,170.159974,0,16460.574893,0,0,16540.771104,6867.714552,0,0,5924.341861,0,4130.87686,9731.564929,0,17530.189906,0,20756.529348,0,1011.848806,216.953964,22122.267773,3810.983988,0,1927.142742,1532.503265,0,0,0,0,0,53684.245448
2020-12-29,116.845427,196.275263,0,12966.767962,73.189554,0,15527.179774,8172.806468,0,0,5405.169288,0,6191.391627,9848.562229,0,20527.668393,0,19989.258034,0,939.510062,180.322089,19983.615166,3599.385222,0,917.144924,597.523323,0,0,0,0,0,48273.529514
2020-12-30,165.150297,74.352384,0,13084.597745,133.650489,0,16629.332719,8556.971696,0,0,5392.672631,0,4313.739907,20455.220502,0,21537.710475,0,18085.22512,0,1525.553328,579.520392,20356.064533,5342.051088,0,878.667765,2090.199536,0,0,0,0,0,39836.836534
2020-12-31,461.622297,117.261492,0,8879.442717,154.571967,0,14092.79071,8914.371035,0,0,4311.460411,0,4873.454217,21534.285884,0,18929.693489,171.41067,19508.957871,0,1181.606621,499.960361,16517.754533,4112.23818,0,864.249791,1083.082565,0,0,0,0,0,39009.485461
2021-01-01,0,559.817174,0,7313.290706,0,0,14890.665913,7710.482499,0,0,3610.918625,0,5616.108189,11870.702435,0,17134.457487,0,15893.780369,0,1341.109482,335.890304,17735.267252,4064.300168,0,1388.938667,2081.036058,0,0,0,0,0,35839.291624
2021-01-02,0,347.497454,0,8527.536972,117.253742,0,18483.452647,7229.044595,0,0,4173.514107,0,4205.62219,16432.452925,0,21066.564237,0,23563.692937,0,2351.766415,21.318862,21548.840271,5927.539785,0,1046.211329,2212.73998,0,0,0,0,0,41290.096741
2021-01-03,210.502019,99.132709,0,12348.574669,0,0,15632.121507,11779.078382,0,0,3696.603499,0,4332.79475,9245.137794,0,24152.233671,0,26167.973101,0,2141.180988,207.858907,20914.029524,4326.837513,0,984.497015,1888.279463,0,0,0,0,0,51701.619302
2021-01-04,395.389507,0,0,11435.329823,0,0,17586.41739,8415.727471,0,0,4127.234821,0,5140.511614,8320.257707,0,20671.543911,0,18593.836791,0,3468.343901,67.154416,22844.022581,4694.626655,0,1728.178488,1598.914664,0,0,0,0,0,60489.281379
2021-01-05,0,340.554567,0,7122.687068,0,0,16937.718752,9746.488242,0,0,2694.080765,0,9489.050143,10629.690312,0,19495.765295,0,19646.858204,0,1053.070052,0,23569.974797,5302.783968,0,1211.603302,1225.472355,0,0,0,0,0,48774.1056
2021-01-06,208.925019,442.194737,0,11812.677481,0,0,18039.130263,8453.104684,0,0,2686.554297,0,7043.663865,10351.743854,0,20422.275338,0,18276.403218,0,1279.567605,125.213551,21345.374776,4882.193196,0,1456.318012,926.742027,0,0,0,0,0,50277.715032
2021-01-07,38.969909,24.549347,0,10334.726751,0,0,15238.542502,8112.328103,0,0,3017.897633,0,2810.080519,7606.821375,0,20375.660173,0,16273.983549,0,1067.718433,123.183384,21163.313432,5357.216661,0,304.026098,1060.51417,0,0,0,0,0,46776.742178
2021-01-08,0,0,0,6937.070235,0,0,11482.545154,11931.53597,0,0,5597.892222,0,8484.378704,32203.281714,0,20356.025294,0,19005.866779,0,1515.821101,59.370211,23196.960445,6271.64829,0,1073.105746,3603.285283,0,0,0,0,0,39696.960823
2021-01-09,0,491.209966,0,9016.42326,0,0,10111.25423,11036.304015,0,0,4515.722423,0,5013.167309,18377.863552,0,22140.696661,145.980024,21395.361061,0,818.16234,0,16262.688722,7488.951116,0,1517.681032,3293.549675,0,0,0,0,0,38205.568082
2021-01-10,0,200.072681,0,9093.812115,0,0,11512.434024,10145.928878,0,0,3357.611119,0,4652.499864,12543.48152,0,20095.545986,0,22937.522982,0,1357.010857,113.268661,16708.71814,7436.016209,0,1145.764298,1824.963835,0,0,0,0,0,38704.89297
2021-01-11,0,477.325878,0,9600.406117,0,0,18804.968431,13875.940266,0,0,7256.970093,0,4744.311963,17399.49061,0,26946.73003,0,31097.598111,0,1197.009574,0,24128.690958,6958.756897,0,1307.362465,1837.877856,0,0,0,0,0,48208.191059
2021-01-12,201.969246,1181.354568,0,10156.037077,0,0,17690.740545,5761.764477,0,0,3566.013248,0,4804.356063,4778.068939,0,16715.643591,113.55,18718.586246,0,1788.468897,665.105789,24535.903638,3241.059188,0,1133.977594,643.06439,0,0,0,0,0,51182.341458
2021-01-13,0,0,0,10993.864086,0,0,16373.505206,6948.089502,0,0,4369.314798,0,3179.368649,6224.056406,0,13943.623046,0,16463.131367,0,1644.807784,422.612757,33100.302381,5656.268755,0,844.951512,495.966132,0,0,0,0,0,46187.99726
2021-01-14,0,40.237107,0,12713.802158,0,0,22040.837317,6833.509535,0,0,4143.874146,0,29466.59926,7282.002643,0,17611.968985,0,19405.328245,0,1607.493441,124.946806,44574.660501,5052.515023,0,1322.38108,1056.498066,0,0,0,0,0,56441.082865
2021-01-15,0,0,0,11024.704571,0,0,17221.069284,9169.199531,0,0,2901.85044,0,7994.779046,6640.497731,0,15051.301869,0,17706.622951,0,1492.702999,309.236036,29139.594013,5803.636783,0,635.071534,1347.619192,0,0,0,0,0,49016.815677
2021-01-16,0,206.544701,0,10946.351685,104.910065,0,14430.939769,7682.732208,0,0,5999.09363,0,5797.783138,21389.692226,0,24815.422636,0,23570.800666,0,1109.218778,278.700473,24825.490347,7821.215849,0,830.259939,2591.405782,0,0,0,0,0,44389.004364
2021-01-17,145.851177,109.139781,0,10605.389793,0,0,16989.784142,11708.830459,0,0,3575.948467,0,4726.95951,15196.275881,0,24047.251834,0,25460.366029,0,1164.293302,1050.088457,26814.182412,6783.307207,0,792.399078,1633.376251,0,0,0,0,0,56170.510784
2021-01-18,0,0,0,12419.679413,0,0,23620.660671,8160.024041,0,0,1772.254722,0,4114.776066,6467.866154,0,16364.338882,0,18845.694804,0,1016.805389,273.379257,28693.464615,4977.949217,0,1156.452382,615.633132,0,0,0,0,0,52451.967823
2021-01-19,0,308.44288,0,5623.90858,0,0,12128.539706,7064.308284,0,47.625283,4198.961075,0,4256.861888,15751.823446,0,18290.509682,0,18321.526609,0,351.823232,266.336916,20216.102968,12622.184433,0,392.687361,2514.889174,0,0,0,0,0,30263.952695
2021-01-20,0,0,0,4026.500835,0,0,8194.577354,6361.305874,0,0,5440.384413,0,1599.380047,8560.063015,0,18345.333615,138.553986,18044.854748,0,295.880586,455.144903,18341.268468,6423.987692,0,200.335813,738.503251,0,0,0,0,0,31261.576603
2021-01-21,0,214.103864,0,9327.86696,0,0,9148.999048,6833.259736,0,0,3460.383661,0,2112.107898,8238.025108,0,15543.824465,0,16288.256645,0,0,136.902209,19667.868825,4363.968053,0,324.419086,1076.568176,0,0,0,0,0,26472.142485
2021-01-22,0,93.51169,0,5026.001235,0,0,7614.713569,6002.353063,0,0,5371.698351,0,7910.987141,10521.708239,0,13481.637331,0,18763.404919,0,62.09463,283.722968,18217.820999,4652.589051,0,0,1201.557156,0,0,0,0,0,25612.283783
2021-01-23,0,116.611649,0,4212.585117,46.755845,0,7774.513274,11051.925754,0,0,8502.341938,0,5641.104602,14800.716001,0,35504.900566,0,24954.705189,0,84.894643,596.882233,11321.455648,6639.143375,0,501.650165,1245.405021,0,0,0,0,0,21305.073199
2021-01-24,0,172.795862,0,4031.458429,0,0,9433.939322,13257.205918,0,0,6668.036769,0,5160.49339,18173.355877,0,35193.693136,223.799443,32715.166033,0,0,534.279917,14045.41036,7317.905168,0,347.274998,1390.381353,0,0,0,0,0,25809.855368
2021-01-25,200.647776,381.62784,0,6514.107225,0,0,10706.765985,9154.451988,0,0,4282.847328,0,2093.25021,9662.48922,0,22664.019659,0,25099.903899,0,0,875.623876,12909.554441,9812.114323,0,642.065168,2804.964615,0,0,0,0,0,24601.171368
2021-01-26,0,63.599449,0,4013.718128,0,0,7342.997864,11883.235539,0,177.461575,6016.418334,0,2132.697258,9618.951515,0,24878.449913,0,21803.070034,0,0,108.122004,11058.33298,6259.738074,0,0,1440.321167,0,0,0,0,0,27029.77889
2021-01-27,0,67.839412,0,4777.806716,0,0,11493.692807,8843.615106,0,0,7165.27922,0,4716.392845,9788.806127,0,25918.529694,0,20938.856129,0,0,58.299495,13921.834985,9468.119566,0,162.374213,1743.888608,0,0,0,0,0,29642.562468
2021-01-28,0,0,0,5026.902809,0,0,8847.04827,10738.896998,0,0,9670.213997,0,8163.571234,11866.200549,0,26427.225905,0,25065.060148,0,122.915372,383.830025,18377.331085,7423.103604,0,0,2268.682973,0,0,0,0,0,27891.829738
2021-01-29,0,0,0,3282.114142,200.349056,0,8097.896729,6278.17588,0,0,4968.261311,0,3691.31808,7710.867334,0,16686.539592,0,14234.693913,0,0,115.991558,15059.067488,3492.623478,0,137.736654,1200.479577,0,0,0,0,0,20657.66171
2021-01-30,0,282.61845,0,4260.595343,0,0,6651.749653,7398.501897,0,0,6438.923964,0,869.092531,11252.119785,0,20294.686794,0,18278.662501,0,0,73.81281,11146.277282,4520.560801,0,0,1679.867012,0,0,0,0,0,21794.330343
2021-01-31,0,242.604729,0,4985.397687,0,0,12729.928497,9166.167943,0,0,5071.14205,0,2298.676062,12275.54768,0,23096.007901,0,24106.757205,0,0,342.510361,13872.926483,4892.1654,0,0,1659.924132,0,0,0,0,0,26553.168272
2021-02-01,0,88.254633,0,4345.131262,0,0,6218.454902,9829.025506,0,0,4623.931505,0,3922.481602,8510.363734,0,17676.734485,0,17725.073957,0,0,40.975365,12820.29651,3671.153961,0,459.182417,492.659523,0,0,0,0,0,25827.177484
2021-02-02,0,0,0,3587.924182,0,0,6431.529021,7842.62596,0,0,3510.033848,0,2110.185461,11206.931676,0,15664.387033,0,14475.008995,0,0,369.05286,12955.136858,5608.063925,0,0,1119.212151,0,0,0,0,0,26075.003676
2021-02-03,0,99.511293,0,3785.551323,172.835405,0,7049.020415,5698.184431,0,0,4416.788167,0,2730.953721,9349.204376,0,14995.116536,154.2,13015.435554,0,0,368.91486,15784.302078,6074.503591,0,0,926.473474,0,0,0,0,0,24113.762488
2021-02-04,0,0,0,3382.148481,0,0,8515.647598,7493.465528,0,59.448532,4785.161076,0,1890.608115,15750.637799,0,15497.78222,21.274972,17577.765292,0,0,99.490972,14202.37199,6562.397071,0,76.225839,1969.711902,0,0,0,0,0,21794.209014
2021-02-05,167.35949,417.976036,0,4581.714075,0,0,4952.64744,9097.035119,0,0,4894.847021,0,1077.339877,11496.949732,0,19417.529373,0,16535.58398,0,0,336.32459,11526.169222,6552.299553,0,0,2508.163979,0,0,0,0,0,21071.50564
2021-02-06,197.788488,29.204858,0,3930.590031,0,0,6320.410992,8271.137322,0,0,8463.82846,0,2674.935106,12027.187213,0,25026.370353,261.71,17846.829483,0,0,381.775675,11000.15936,7227.956196,0,89.500526,1220.389929,0,0,0,0,0,24222.992694
2021-02-07,0,178.282281,0,5103.991143,64.674742,0,8012.412952,9015.784028,0,0,9472.574312,0,3297.84303,13067.107498,0,22380.356451,0,24467.953586,0,0,441.248647,11012.156498,4929.797679,0,198.890057,2225.604377,0,0,0,0,0,25091.214399
2021-02-08,0,135.608331,0,5116.098759,0,0,9193.522966,7094.070093,0,168.393981,10158.126082,0,1810.602694,7987.785887,0,20524.375615,120.8,14986.31374,0,0,191.937946,12445.042339,7510.804922,0,199.011068,1957.036846,0,0,0,0,0,24281.041994
2021-02-09,184.618268,73.110607,0,4153.05391,234.998382,0,5416.10235,6081.51038,0,138.463701,8972.445107,0,2041.136964,6857.583308,0,19501.682216,201.25,15652.112828,0,0,703.835342,13213.321369,4932.02632,0,138.463701,1973.554752,0,0,0,0,0,22127.485581
2021-02-10,0,0,0,3961.926431,0,0,8639.41503,10270.416329,0,0,9439.700036,0,831.370123,6625.574183,0,18387.114813,0,14904.798045,0,370.973924,158.760546,12055.793901,5383.050157,0,154.572469,1603.940772,0,0,0,0,0,21787.727207
2021-02-11,0,231.196076,0,4578.690863,32.588019,0,8646.067592,10664.787835,0,0,12504.227275,0,3996.468447,12414.58712,0,22312.182137,0,22885.945485,0,340.092174,615.518676,13952.576588,6832.898631,0,262.801846,1397.87113,0,0,0,0,0,19428.176453
2021-02-12,0,102.925964,0,4758.410746,0,0,7043.025194,10294.100134,0,728.521953,12184.884605,0,3150.207566,15305.813029,0,17622.086127,87.6,21209.807507,0,689.770785,416.114967,10681.748916,6371.3289,0,286.75864,4468.245724,0,0,0,0,0,18159.94936
2021-02-13,201.440724,141.465487,0,3922.052524,359.190609,0,9456.081368,10585.04605,0,170.505138,12256.580248,0,1867.346594,19333.188115,0,26561.806328,0,21707.688504,0,1301.704955,659.480245,13318.363083,6829.422811,0,371.890568,3200.772055,0,0,0,0,0,25046.153933
2021-02-14,0,0,0,6589.030055,220.686159,0,14552.144787,11197.567877,0,325.473767,6496.272938,0,3094.249464,12618.417032,0,26784.892793,214.387655,24859.112555,0,1402.636951,465.282335,13819.85046,6595.935679,0,185.98501,2571.714421,0,0,0,0,0,33791.682908
2021-02-15,0,369.825147,0,4855.688886,721.501999,0,9991.440207,9055.33353,0,240.230638,2859.914432,0,1686.26409,5289.385572,0,20722.74782,0,16806.24747,0,712.942538,120.721903,11580.65112,3594.572764,0,441.714398,1555.02805,0,0,0,0,0,29254.034111
2021-02-16,0,57.636325,0,4440.007777,211.26333,0,8617.525667,7042.811719,0,691.850251,6285.616631,0,5786.363516,9234.67663,0,21522.249536,0,15645.591896,0,1268.550375,0,15550.910966,3643.891655,0,155.650353,1294.827423,0,0,0,0,0,23633.923455
2021-02-17,116.463693,242.283212,0,3503.008844,10.398421,0,9030.797955,8622.421559,0,683.673908,5053.207909,0,2694.900166,13050.215363,0,18916.399443,0,20096.647812,0,862.306383,253.825459,13631.918849,4864.433533,0,132.3028,1237.777428,0,0,0,0,0,23985.936513
2021-02-18,0,0,0,2780.983511,133.667991,0,10079.001539,8160.108591,0,542.460891,6011.176675,0,1255.668804,15401.008399,0,20875.768313,0,21008.348105,0,1860.606155,414.921229,16162.506401,5905.890719,0,131.740502,1727.345626,0,0,0,0,0,21486.43478
2021-02-19,154.988826,109.262935,0,3454.938285,0,0,6383.02486,12236.62039,0,605.805068,5554.757526,0,1377.823884,19260.685797,0,15203.867994,0,14955.260576,0,489.304092,346.519594,14212.472344,8175.253164,0,185.986591,2905.195436,0,0,0,0,0,14197.783593
2021-02-20,0,24.825418,0,4084.651972,0,0,3756.724762,10330.639407,0,172.840497,4892.567586,0,911.004096,17300.554281,0,21970.823466,0,21833.772868,0,574.738141,218.952983,10669.096094,5993.185222,0,687.826615,1557.070545,0,0,0,0,0,15725.678579
2021-02-21,0,109.525018,0,4514.59324,247.213612,0,8535.081432,11052.257577,0,129.665222,6564.816691,0,914.729207,11829.924618,0,23964.865673,0,23396.582018,0,754.31446,661.322489,13026.611394,6069.414146,0,188.60396,2034.240197,0,0,0,0,0,24438.941673
2021-02-22,0,256.601469,0,3439.433612,0,0,8709.165055,9781.371133,0,557.953382,6392.828294,0,4117.452341,15386.520162,0,21383.209273,0,17108.547399,0,754.41584,0,11323.208085,6269.21201,0,263.652619,1769.924285,0,0,0,0,0,21137.251448
2021-02-23,0,479.159944,0,5766.622155,0,0,7448.812697,13607.490642,0,369.349422,6882.400589,0,2495.122164,28825.114437,0,25152.949551,244.84,24631.732212,0,189.679904,118.111046,14448.731867,11433.963352,0,0,3734.995691,0,0,0,0,0,21097.691646
2021-02-24,0,136.873514,0,3371.454121,0,0,9303.985026,8772.529849,0,284.645458,3306.450406,0,2588.505818,16164.386279,0,15055.353515,0,17220.252052,0,189.679904,0,16201.407166,6081.124644,0,94.915313,1682.71133,0,0,0,0,0,23276.973197
2021-02-25,0,35.319385,0,3267.933181,200.489451,0,7118.030921,7475.548382,0,381.04519,6444.968222,0,3674.062303,12551.095455,0,17068.356139,61.52,18175.003293,0,0,116.346209,14364.864026,4410.820407,0,51.599869,1254.696169,0,0,0,0,0,21370.92485
2021-02-26,0,0,0,4401.816289,0,0,6067.868856,9655.69509,0,0,5402.73422,0,3429.798215,8457.976887,0,18010.295301,170.158149,14485.000174,0,380.549632,301.494311,9655.937145,4076.548317,0,174.645712,1884.899409,0,0,0,0,0,19420.278696
2021-02-27,0,0,0,3149.255515,0,0,7009.237184,8975.122469,0,54.185451,6232.392252,0,8840.000551,12847.71714,0,24133.138727,0,20043.770814,0,763.174285,620.330754,15426.441826,4257.5893,0,249.280945,2569.288224,0,0,0,0,0,19735.527062
2021-02-28,0,0,0,5938.54444,76.443902,0,7704.534751,13329.038493,0,0,7484.697714,0,3165.981993,12187.786041,0,28245.104131,168.409004,20340.023639,0,0,0,11365.712986,6206.93918,0,255.390853,1283.310158,0,0,0,0,0,27394.54776
2021-03-01,185.659084,155.892969,0,1793.923166,0,0,10765.117099,10245.36106,0,0,3814.926335,0,5982.809841,9348.525698,0,23917.335312,0,19845.343993,0,750.372132,170.44924,13514.418708,6197.94758,0,309.431807,583.565606,0,0,0,0,0,23194.088711
2021-03-02,0,136.6693,0,3836.675365,0,0,9613.809665,9022.451457,0,0,3641.703721,0,10588.657791,9741.37012,0,18355.315193,0,15987.411294,0,790.859589,0,22224.556594,6216.836534,0,100.565337,731.235004,0,0,0,0,0,20017.9094
2021-03-03,187.355224,37.079451,0,3539.27154,0,0,7736.437387,7460.475363,0,0,3388.767354,0,5411.325196,8996.428168,0,20173.644619,216.829086,20780.246305,0,187.355224,81.368795,16804.07328,4743.553183,0,210.774627,811.728059,0,0,0,0,0,22617.285992
2021-03-04,374.254956,211.850021,0,4123.371507,225.998076,0,11317.304268,9657.693129,0,171.533522,4166.059208,0,3908.625529,21234.502563,0,18424.553465,327.473087,18781.511253,0,756.534636,0,19481.753542,5351.343625,0,413.239848,2394.331444,0,0,0,0,0,19496.510458
2021-03-05,0,0,0,2309.161321,0,0,6436.33111,7565.222157,0,186.126988,3735.875408,0,2184.707336,11509.830487,0,21133.128999,0,16333.497714,0,0,0,9550.015179,8251.665246,0,519.604507,2004.909007,0,0,0,0,0,14138.420238
2021-03-06,92.148026,0,0,3037.505594,0,0,8492.717301,10965.327272,0,168.938048,5764.160783,0,2525.136025,12582.739031,0,28487.287883,0,21374.640825,0,678.727463,231.502637,9833.475383,3617.562439,0,0,2071.599419,0,0,0,0,0,15740.801636
2021-03-07,0,535.11505,0,3679.905009,0,0,8327.335905,10000.828345,0,184.323261,5944.467001,0,1559.380423,9264.352809,0,23062.686655,184.323261,24828.35487,0,706.5725,0,11220.352423,5784.814404,0,413.156422,2919.809317,0,0,0,0,0,22106.401933
2021-03-08,0,132.003353,0,4857.920274,0,0,8828.8613,11678.75206,0,184.323261,4138.554354,0,7603.334525,9695.009361,0,31869.22803,0,26227.229324,0,552.969783,51.785931,14933.240849,15586.466719,0,0,1401.174055,0,0,0,0,0,21354.163804
2021-03-09,0,192.065433,0,3463.681092,0,0,8088.10047,7847.233849,0,0,3274.115313,0,2505.86214,5168.616394,0,18224.33923,0,20597.120867,0,115.202038,0,14474.634541,6557.40209,0,421.077255,812.344142,0,0,0,0,0,18863.363856
2021-03-10,0,45.489181,0,4415.624263,104.119682,0,10022.108556,10050.076894,0,184.88667,2690.652922,0,1420.056271,6442.907747,0,24297.73404,0,21710.845585,0,553.516142,0,14738.504373,3875.413377,0,345.5663,1141.403047,0,0,0,0,0,19880.934558
2021-03-11,0,0,0,5944.736788,0,0,7478.195772,8279.105715,0,463.231153,3762.568889,0,7834.020941,7492.943129,0,19033.903541,215.227876,16010.712309,0,370.584923,0,17354.700035,4907.765393,0,702.567248,319.134818,0,0,0,0,0,21091.433004
2021-03-12,0,0,0,3906.727083,70.946707,0,6623.102998,38400.645275,0,1406.684794,5813.470869,0,4155.763926,84271.884137,0,82522.270524,0,34744.363811,0,676.822503,0,18088.26524,23620.857655,0,186.709656,4677.308605,0,0,0,0,0,15161.242521
2021-03-13,186.135535,307.724829,0,2982.357365,364.868783,0,6708.201128,8731.525298,0,2280.686582,5865.542878,0,2919.017909,22047.442839,0,25886.471086,0,25589.705957,0,698.008256,84.750445,12924.268767,5468.169822,0,558.956804,972.371001,0,0,0,0,0,22034.950559
2021-03-14,556.910993,471.420467,0,5466.872483,0,0,11374.262964,8639.951814,0,3370.31665,5174.030223,0,2206.712345,8307.296411,0,25927.763233,0,25582.248791,0,1048.698308,0,15589.009989,3741.79215,0,155.137189,1496.782965,0,0,0,0,0,23209.829335
2021-03-15,0,10.089353,0,3763.427072,312.568179,0,7962.400727,8884.62067,0,511.952725,5373.709024,0,2149.037913,8070.363967,0,18381.926325,0,16185.359558,0,372.329254,141.250952,16504.269876,5030.203218,0,201.678346,851.541449,0,0,0,0,0,16948.165398
2021-03-16,0,0,0,5894.675902,223.722193,0,10350.330429,8925.412144,0,844.293325,4960.26722,0,4175.247926,7400.191207,0,20669.938661,87.68,23602.010849,0,557.485581,292.695212,13817.825543,6465.866336,0,0,1039.300439,0,0,0,0,0,23352.877819
2021-03-17,0,41.355701,0,5094.379533,444.825954,0,10849.933526,9875.401096,0,495.39505,6576.281343,0,2649.326813,13688.966554,0,21443.205332,0,26425.901978,0,185.773144,137.179885,15895.557927,6518.228454,0,280.987521,1562.286531,0,0,0,0,0,21805.174625
2021-03-18,0,95.824909,0,3498.750655,0,0,8330.622691,7755.298292,0,1480.792798,4937.728816,0,13012.936624,8460.052426,0,23040.051519,0,21457.255234,0,116.352818,0,28447.400479,6662.223142,0,386.2836,1110.05491,0,0,0,0,0,21671.78427
2021-03-19,233.431257,164.464216,0,2204.146785,363.233852,0,5683.027922,30128.733621,0,1088.910495,7932.349822,0,2082.753316,71162.746074,0,76710.509905,0,38165.152022,0,0,196.733988,16788.400823,19523.647272,0,529.11085,5445.930244,0,0,0,0,0,13558.630409
2021-03-20,186.745006,738.852079,0,2710.929232,0,0,6650.501105,16101.548636,0,1370.570986,7601.713941,0,3585.541777,18537.823176,0,37660.5523,0,33142.984482,0,0,106.09694,13937.052388,14697.058835,0,0,1680.893864,0,0,0,0,0,15215.207335
2021-03-21,0,261.698857,0,4101.652909,0,0,11889.042448,10038.652974,0,1409.966319,8314.088176,0,3032.371814,14983.770554,0,34698.740918,240,36320.412275,0,0,145.503198,10155.592247,9121.341401,0,620.52487,2607.80347,0,0,0,0,0,25579.78733
2021-03-22,0,209.157002,0,4144.504561,166.719349,0,5898.883202,13197.540429,0,681.733288,7169.299436,0,2818.293159,8071.163857,0,24357.247604,0,22719.667804,0,116.204538,79.823203,9560.898769,6728.655154,0,511.299966,2082.788545,0,0,0,0,0,22660.198143
2021-03-23,0,0,0,3518.278376,120.355952,0,6870.567984,10052.470781,0,170.246054,6222.843981,0,5482.018123,9246.83314,0,23265.697496,0,18413.242084,0,0,76.865986,15902.741887,7432.280569,0,0,1273.066133,0,0,0,0,0,20230.268688
2021-03-24,0,96.199043,0,4139.323744,295.685481,0,6843.065077,9847.442826,0,851.435989,7373.111283,0,6595.322462,13197.772404,0,23643.758523,0,18883.758303,0,230.884147,0,15982.386848,5103.767493,0,459.229169,1497.860575,0,0,0,0,0,23118.988041
2021-03-25,74.516515,93.0644,0,4996.288241,327.748541,0,7748.557066,7605.111377,0,479.083629,5968.954993,0,3884.533866,7654.558217,0,23853.062031,0,21327.225516,0,0,40.462783,11821.742091,4989.333973,0,0,1659.728633,0,0,0,0,0,18732.881994
2021-03-26,0,164.208604,0,1791.600268,139.100814,0,4694.052855,21451.837979,0,152.090041,5623.75368,0,4428.769502,21572.635835,0,26453.025775,0,23548.510601,0,0,177.403939,14072.856365,8571.556761,0,235.739564,3650.036694,0,0,0,0,0,15553.727973
2021-03-27,0,290.034001,0,3506.956069,219.582835,0,6302.156611,12145.633918,0,0,7769.398858,0,1400.399505,15705.036334,0,24057.765563,0,27442.450102,0,0,277.379004,9676.966414,6940.647932,0,0,3144.232274,0,0,0,0,0,16281.66125
2021-03-28,0,150.529318,0,3428.831936,0,0,8483.387095,14628.56626,0,0,6604.279029,0,1358.423825,11652.2556,0,29070.176358,0,31339.63862,0,0,196.691641,9835.087226,6725.69443,0,0,2259.557737,0,0,0,0,0,21267.204312
2021-03-29,167.828645,0,0,3560.194106,481.693816,0,7700.60379,14073.00426,0,0,5387.617639,0,1725.499702,6615.343893,0,27081.656714,0,23227.795979,0,0,86.303475,10918.733322,7299.221403,0,167.828645,1961.314913,0,0,0,0,0,20166.290546
2021-03-30,1114.667361,101.148935,0,5667.620399,331.786729,0,5831.616262,12273.307417,0,0,6531.195611,0,5275.279031,10702.775232,0,24491.588353,0,24153.914318,0,183.296487,160.380292,14579.982469,7976.28209,0,68.697996,714.821395,0,0,0,0,0,20398.450258
2021-03-31,1462.128974,520.704136,0,5687.665441,0,0,5728.350764,24884.587153,0,0,7643.759828,0,4741.032362,35848.203713,0,61465.679137,0,38850.969347,0,0,173.172171,11367.527905,12623.449266,0,585.868763,7131.542763,0,0,0,0,0,18812.633788
2021-04-01,1171.415145,179.450018,0,2462.955199,205.716717,0,5658.414057,12953.741194,0,0,6032.582893,0,2982.7532,12854.246781,0,29457.189337,0,23211.191415,0,0,83.743341,11827.384659,8304.223638,0,182.549831,1091.808168,0,0,0,0,0,14438.522413
2021-04-02,1505.26037,228.621107,0,2750.534595,279.315352,0,6091.828183,10757.446876,0,91.169133,6142.817445,0,962.017555,7098.147206,0,27649.814068,0,21686.85075,0,0,0,11490.419163,5853.104683,0,729.846717,1162.046553,0,0,0,0,0,13000.721532
2021-04-03,1293.678201,189.914488,0,2631.918003,139.204338,0,4033.779354,9048.949442,0,0,6888.718194,0,1444.353661,8021.463705,0,29407.713087,0,27239.171618,0,0,0,10398.943724,6986.761793,0,0,720.774553,0,0,0,0,0,14169.988142
2021-04-04,1620.90056,76.557088,0,2618.043397,235.13963,0,5103.531561,12973.052328,0,0,8866.399447,0,1743.418735,5881.517241,0,30111.725172,0,33447.441715,0,0,0,8407.616966,6688.422248,0,350.053522,662.11742,0,0,0,0,0,13731.560757
2021-04-05,487.030987,159.079665,0,2862.83085,233.648256,0,7270.398568,10476.390195,0,0,6233.843985,0,1209.191402,4107.120602,0,21570.479483,0,23447.827418,0,0,0,11875.938606,5912.656723,0,0,578.471508,0,0,0,0,0,19072.734359
2021-04-06,1344.903736,0,0,4230.503349,291.163145,0,6940.8218,9235.207153,0,0,4848.991296,0,2486.900824,3932.845998,0,22500.366277,0,18108.416594,0,0,0,10445.381898,3561.650465,0,0,572.636317,0,0,0,0,0,25245.83401
2021-04-07,2026.5292,0,0,4645.725754,0,0,5617.814876,7195.409121,0,0,4662.378268,0,3958.468876,6696.570172,0,22404.20789,0,19131.839128,0,0,0,15272.58672,4426.015439,0,0,770.260404,0,0,0,0,0,18841.084785
2021-04-08,335.305918,0,0,2668.730289,0,0,6723.529252,8359.334962,0,0,4257.865202,0,2311.845276,5174.595494,0,21042.197771,0,19186.01369,0,0,0,13464.343862,37055.633031,0,0,800.550107,0,0,0,0,0,20795.729251
2021-04-09,672.207017,629.404467,0,2811.750248,0,0,6047.068491,13168.326264,0,0,5087.503299,0,1059.930471,15599.026154,0,29992.190998,0,25701.08407,0,0,155.572091,11482.704555,18612.877572,0,0,2079.708137,0,0,0,0,0,17076.858839
2021-04-10,0,144.447549,0,2827.549486,37.114995,0,4873.857592,13961.170188,0,0,6062.691313,0,5987.778012,10182.284577,0,22552.208373,214.194445,24743.309852,0,106.690951,271.39514,6467.70502,13611.629208,0,0,3186.064033,0,0,0,0,0,15924.654671
2021-04-11,27.433775,170.526849,0,5211.297645,147.45557,0,6943.824798,9412.307256,0,0,7197.195613,0,1928.032467,10653.05802,0,27724.036528,0,28582.297314,0,0,0,9756.084619,11221.636961,0,0,1704.487872,0,0,0,0,0,24677.344313
2021-04-12,384.453879,44.136361,0,3768.707258,0,0,9865.033186,7482.380722,0,0,5132.028318,0,3550.143893,5706.34815,0,19223.603124,0,19462.056016,0,0,0,10835.495365,7119.030878,0,0,2097.680859,0,0,0,0,0,17577.486654
2021-04-13,1204.156693,834.420862,0,1945.630977,332.763017,0,5407.702534,8802.084059,0,0,5345.835613,0,4004.858316,7122.092762,0,17193.958586,0,19898.651551,0,0,59.182847,11313.101179,8498.568595,0,0,636.349297,0,0,0,0,0,18992.608478
2021-04-14,801.212934,246.88566,0,3996.885327,418.19408,0,5073.605464,8801.535437,0,0,5961.61702,0,1467.083703,9680.141137,0,19903.758253,0,22221.383518,0,0,0,8803.375438,7723.304261,0,350.790027,1172.160291,0,0,0,0,0,16135.696561
2021-04-15,1017.811332,100.964922,0,1972.216387,427.08162,0,7035.195327,9243.327132,0,0,6016.625699,0,2181.978298,8269.692672,0,18203.872105,0,16263.818337,0,351.607552,121.157907,13725.922656,7124.72304,0,0,1488.369444,0,0,0,0,0,20502.838357
2021-04-16,511.354752,525.983218,0,2169.338021,69.793927,0,4368.790392,9974.573804,0,0,7087.202342,0,2775.467113,8802.067491,0,22141.882049,0,17809.491465,0,309.540898,0,10156.55647,9478.216366,0,247.929578,2215.960696,0,0,0,0,0,17081.714081
2021-04-17,975.583897,166.898521,0,3880.460525,0,0,4996.749922,9860.438848,0,0,7192.929164,0,3710.180717,10856.433783,0,31836.590743,175,21347.801436,0,185.707628,0,8476.756034,7249.986807,0,100.591632,1941.261085,0,0,0,0,0,19094.691392
2021-04-18,510.663324,723.797873,0,5033.903564,0,0,7628.703595,11733.485619,0,0,9060.70778,0,2561.848137,9724.076905,0,31290.380516,0,23194.777217,0,355.926757,166.798468,14033.252043,8070.673171,0,309.492923,1746.741128,0,0,0,0,0,19639.508858
2021-04-19,1470.091387,0,0,3656.165012,292.150042,0,7488.103902,8898.041163,0,0,4474.003583,0,1905.315807,4783.237837,0,25229.315648,0,15855.17307,0,139.271815,252.724952,11329.328904,8257.195017,0,0,1312.975046,0,0,0,0,0,22614.407885
2021-04-20,666.687224,190.568187,0,3868.214987,126.362476,0,6268.871414,9986.438921,0,0,6333.613623,0,1594.700908,7834.641576,0,26912.877263,64.15,13143.062497,0,240.757029,0,14043.680652,8767.05626,0,0,1137.229256,0,0,0,0,0,22243.362872
2021-04-21,341.369481,28.071371,0,6171.403647,452.317256,0,9270.876792,9460.412086,0,0,7639.824055,0,4391.139911,8932.965536,0,26019.587046,504.493653,18613.237848,0,0,355.913992,9439.134471,5962.893876,0,207.70401,1233.94499,0,0,0,0,0,17754.826825
2021-04-22,696.603195,172.795356,0,3477.837232,0,0,4813.338808,9109.603585,0,0,6691.482541,0,3719.432003,9506.884363,0,26033.221653,0,13873.167472,0,309.60142,0,13327.635163,6852.336031,0,554.960548,1201.189245,0,0,0,0,0,20773.537496
2021-04-23,679.744556,316.511806,0,3398.775795,188.399884,0,4908.000296,8891.129818,0,0,7349.747134,0,2133.054028,9086.422922,0,28068.871276,0,15550.625055,0,610.225228,71.286442,10549.862276,5501.121295,0,402.137205,2237.263633,0,0,0,0,0,13484.783876
2021-04-24,340.641308,0,0,2878.569181,0,0,8069.964657,11420.993608,0,0,9121.71239,0,1779.174346,19569.083363,0,38969.711749,95.66,17749.667749,0,392.936314,0,8375.221069,7532.455961,0,1070.496277,2566.314155,0,0,0,0,0,13392.701313
2021-04-25,0,0,0,3190.707554,0,0,5751.561648,12782.973753,0,0,8844.65837,0,1750.60057,16797.318498,0,41969.3902,0,20388.235887,0,340.657925,0,8866.029073,8154.85749,0,170.338934,2295.913149,0,0,0,0,0,12569.545496
2021-04-26,0,367.065582,0,5320.73017,213.101962,0,6866.927641,12140.814597,0,0,5659.177969,0,3093.974454,6441.583813,0,23659.849806,175.246073,11729.756743,0,356.163226,0,14463.316287,9782.44604,0,201.309649,1025.837063,0,0,0,0,0,19846.848227
2021-04-27,0,209.857696,0,3554.416616,322.783032,0,6347.669009,8717.637175,0,0,8431.723495,0,6656.85044,8200.862708,0,27495.254524,0,14608.32108,0,342.906785,127.280376,11795.99417,8840.20738,0,319.526777,823.941291,0,0,0,0,0,15083.724369
2021-04-28,0,1580.812132,0,4109.962823,401.283076,0,7235.593646,27237.272719,0,0,8881.660345,0,5286.68987,22721.552707,0,28166.419807,50.504364,13441.778362,0,886.237528,507.89603,10797.898271,8512.78297,0,295.256284,1695.080069,0,0,0,0,0,16195.921826
2021-04-29,0,526.755229,0,4285.508147,119.324307,0,9602.134954,51647.538561,0,0,8178.459743,0,3262.812264,20023.219024,0,39647.709062,422.801275,20180.979751,0,0,0,10104.881792,11992.836762,0,466.245834,2201.453034,0,0,0,0,0,16544.085911
2021-04-30,0,49.482136,0,2170.784989,235.292605,0,4470.416612,21044.565406,0,0,6018.452764,0,2426.832532,15755.73762,0,24527.905427,0,16581.95068,0,0,0,8177.306373,10092.12065,0,0,4869.368394,0,0,0,0,0,13567.059399
2021-05-01,170.11197,110.864368,0,3060.939567,0,0,6428.099082,13167.144507,0,0,5936.220048,0,3749.792374,21768.826244,0,25365.464118,377.308488,24942.477668,0,0,241.885894,8388.649899,9199.756965,0,386.618114,2979.80911,0,0,0,0,0,16727.984333
2021-05-02,0,42.31889,0,2984.83442,0,0,8467.123166,12154.125338,0,0,5759.911863,0,2651.288852,14545.443135,0,26239.069211,0,20982.522527,0,0,332.593104,9444.515257,7990.855649,0,425.199174,2587.768798,0,0,0,0,0,20447.415315
2021-05-03,0,161.21482,0,5149.815048,0,0,9774.507479,9162.360306,0,0,5863.071538,0,3661.273689,12405.297152,0,23879.06578,214.601687,21701.493237,0,0,0,11374.526962,5473.233961,0,170.040154,2405.380067,0,0,0,0,0,19597.042941
2021-05-04,154.951381,0,0,7077.508992,0,0,7683.225688,7769.327312,0,0,4486.016879,0,8810.516546,12242.169089,0,27363.113554,0,20223.120243,0,0,422.949795,12618.27673,6667.072489,0,170.446519,1872.041089,0,0,0,0,0,16929.30406
2021-05-05,146.429055,179.124116,0,3391.368858,0,0,6398.827064,12383.835634,0,0,6637.260582,0,5796.783824,25176.461664,0,25725.759318,0,26960.748561,0,0,0,13382.139516,7082.992086,0,254.515533,2473.743132,0,0,0,0,0,16146.367795
2021-05-06,870.719661,156.015571,0,4861.741458,437.850154,0,7761.74029,11774.375843,0,0,6346.071004,0,5236.282944,11705.073019,0,21337.610582,0,18902.345235,0,0,0,10508.140074,5407.394376,0,378.085826,1603.372776,0,0,0,0,0,15075.760235
2021-05-07,682.869889,377.927273,0,2765.943104,0,0,5587.01677,15297.892291,0,0,5683.318847,0,3003.278036,23191.401452,0,26848.267186,0,22095.11205,0,201.232988,772.118494,10191.892445,6455.79181,0,410.584587,3105.404924,0,0,0,0,0,16973.081122
2021-05-08,1691.429765,283.182774,0,2703.573556,0,0,5075.895486,13195.284207,0,0,7762.096842,0,1526.584575,16245.80186,0,25387.485818,0,21104.473719,0,0,252.841764,8352.1748,7127.180983,0,739.228585,3441.277888,0,0,0,0,0,14884.082059
2021-05-09,911.509442,51.589734,0,5425.140728,0,0,8469.262696,16471.615332,0,195.614636,7054.384338,0,2391.766815,15518.321646,0,35750.409448,0,24799.082653,0,156.491709,0,12713.34725,9602.281982,0,336.402411,2996.481987,0,0,0,0,0,22745.586419
2021-05-10,1197.161575,70.809438,0,7370.321318,0,0,7848.802544,12861.019272,0,0,3121.491584,0,2951.417985,5027.019583,0,18694.789658,0,17939.451893,0,0,0,10052.190156,5380.367882,0,938.950255,2184.507981,0,0,0,0,0,19186.393028
2021-05-11,251.387505,641.894851,0,3521.140948,0,0,5461.188257,10730.244427,0,0,5504.730144,0,1352.747586,4710.407666,0,22041.908546,0,18809.865907,0,102.126174,73.792636,10946.726771,5245.437087,0,1129.047121,1541.434784,0,0,0,0,0,18166.934319
2021-05-12,690.501546,295.484217,0,4072.252477,0,0,8677.183161,11602.053545,0,0,4708.228554,0,1164.272813,4825.925698,0,17345.448648,183.504177,17031.615164,0,203.771293,414.451793,13003.680766,5106.924396,0,1011.019108,1081.615239,0,0,0,0,0,17023.403758
2021-05-13,0,80.517612,0,3226.338578,0,0,4655.65918,10412.50679,0,0,4529.564726,0,942.473967,6710.479001,0,18300.567214,0,19257.253447,0,0,0,9464.536372,5556.88557,0,568.516476,1105.176481,0,0,0,0,0,19052.657603
2021-05-14,2030.404722,180.757597,0,2444.948727,163.9574,0,5735.443582,9612.66595,0,0,4366.877391,0,3459.933759,6172.957966,0,16104.098968,0,17738.298407,0,0,0,11996.849802,6539.263318,0,38.52791,1446.152067,0,0,0,0,0,17627.704603
2021-05-15,1268.628813,145.847633,0,2172.309463,0,0,7280.723648,9759.553555,0,0,5983.863224,0,1991.206543,10980.471534,0,20981.249727,180.8,24921.737787,0,0,100.584575,8974.347484,7549.748191,0,605.867643,1390.045636,0,0,0,0,0,18948.520276
2021-05-16,1577.705976,251.463076,0,2457.40546,120.70149,0,7551.647384,14110.267295,0,0,7231.778386,0,2406.033876,9716.188151,0,28945.818869,198.92,26017.839426,0,0,170.994893,8751.639997,6074.080802,0,131.304015,2703.19894,0,0,0,0,0,19175.40242
2021-05-17,1353.083982,492.86763,0,7011.043919,620,0,14056.467738,17162.466541,0,0,11302.085727,0,1555.447562,9963.040265,0,41305.324575,436.872688,40358.507093,0,0,100.58523,19592.858808,7869.184944,0,505.015442,2501.097475,0,0,0,0,0,36817.908741
2021-05-18,297.285584,392.888664,0,5467.748931,493.629348,0,6090.943425,9109.56712,0,0,5067.168105,0,16297.454084,5577.61189,0,17393.608813,0,19734.499381,0,0,0,19686.0793,6098.191567,0,314.408686,1259.337418,0,0,0,0,0,16489.240396
2021-05-19,212.657975,0,0,4914.102823,0,0,6513.203226,7482.082535,0,0,6496.705407,0,5557.317123,7389.131131,0,19880.392126,128,17910.740186,0,0,38.281459,10320.159693,5556.914183,0,201.842613,1564.370648,0,0,0,0,0,17252.376031
2021-05-20,401.680829,663.871624,0,3981.501381,0,0,7362.450364,7140.141041,0,0,6671.172938,0,3463.102016,9150.772447,0,21791.015852,0,15730.896546,0,0,0,13837.82511,3659.612213,0,60.361281,562.289247,0,0,0,0,0,17322.633865
2021-05-21,673.636461,676.663894,0,2389.250484,0,0,5729.488154,26044.241583,0,0,8457.799879,0,1348.470198,46478.111559,0,24260.894543,0,21402.309995,0,43.472599,468.824919,7665.599742,12828.777614,0,48.756617,8650.428276,0,0,0,0,0,12372.572011
2021-05-22,293.517974,153.893683,0,2102.80999,0,0,4759.742294,18453.707092,0,0,6048.691339,0,1248.069735,29547.166343,0,31846.561133,0,27197.435121,0,0,753.794953,5334.864021,7821.441055,0,174.166731,8846.116573,0,0,0,0,0,13144.911695
2021-05-23,386.20992,639.545504,0,3056.051581,0,0,5954.778627,27813.735423,0,201.247754,8260.816649,0,2504.017891,41221.397668,0,38787.448941,0,37696.519025,0,0,1146.333928,8677.743567,8402.045665,0,27.865073,6472.412073,0,0,0,0,0,20130.111627
2021-05-24,33.267801,513.462291,0,3665.805235,141.444607,0,7725.111749,11173.618803,0,0,3804.814002,0,4142.112227,8753.134174,0,17062.527225,81.24,19031.785175,0,294.131332,0,9151.331359,4684.204507,0,0,1316.445161,0,0,0,0,0,21089.82485
2021-05-25,237.674795,166.783845,0,2863.544958,0,0,9270.571988,9783.859229,0,0,4127.153078,0,3718.283642,7924.05616,0,18970.983061,0,20685.197674,0,0,60.656628,10131.434812,6020.929544,0,348.469251,1943.786732,0,0,0,0,0,13735.688147
2021-05-26,266.668734,151.632218,0,7865.390371,0,0,11299.157542,9821.456508,0,0,5747.77902,0,24435.285328,7210.320679,0,17596.764687,0,15931.645098,0,124.09992,0,19351.185687,3807.382689,0,201.66237,1660.820811,0,0,0,0,0,29263.164049
2021-05-27,120.171715,376.815403,0,3086.719584,0,0,8016.896094,11151.008854,0,0,4303.358591,0,6891.184724,11508.300808,0,15015.813512,186.072333,16494.183019,0,310.120555,129.128278,15848.637681,5375.171572,0,889.129517,1006.02177,0,0,0,0,0,22922.725095
2021-05-28,0,140.876592,0,4044.723722,190.248309,0,9613.31083,5693.223894,0,0,3731.833932,0,6528.734452,6640.784136,0,15950.422906,0,16445.706209,0,123.884847,0,12049.36479,6199.555233,0,370.182372,3626.953969,0,0,0,0,0,26603.482578
2021-05-29,0,459.547792,0,5111.801689,0,0,11788.877572,7099.145288,0,0,4203.518533,0,4230.352021,7878.576065,0,22537.296315,0,22364.40214,0,69.411226,0,10962.951538,5246.005325,0,874.315101,1874.869603,0,0,0,0,0,27576.4375
2021-05-30,436.496093,388.326316,0,7608.496246,0,0,13851.796793,9911.893371,0,0,4904.222476,0,3893.135577,14151.838369,0,24539.075867,54.07,23672.597103,0,154.24717,0,17344.887107,5526.698854,0,554.136783,1131.103559,0,0,0,0,0,37776.185936
2021-05-31,33.148868,575.618458,0,6039.56494,0,0,12843.54371,9926.674546,0,0,4583.169713,0,5182.684431,8947.713628,0,20086.456047,444.6,16259.132822,0,0,0,11885.095622,4832.574047,0,0,1828.946883,0,0,0,0,0,27993.687029
2021-06-01,61.913096,586.903093,0,15699.762344,0,0,19489.863687,10887.121899,0,3354.940566,5780.457856,0,24699.412104,11426.836476,0,25792.81905,136.22584,11720.532383,0,0,158.632638,27151.871351,6616.057658,0,1847.934475,1925.135524,0,0,0,0,0,51373.93551
2021-06-02,0,885.85794,0,15023.377501,54.2362,0,16151.438702,9737.442066,0,4327.052212,4515.272778,0,7136.047448,9828.379253,0,21177.070577,0,13193.187878,0,161.244307,0,28811.44971,4234.196811,0,1146.927655,1925.723178,0,0,0,0,0,57074.006917
2021-06-03,122.283344,2070.577212,0,36211.127451,48.747277,0,17057.097459,9107.203125,0,3216.276909,5113.104465,0,4980.735833,7135.554258,0,21953.840177,236.530453,14575.352672,0,0,0,28925.103878,5918.477549,0,1163.484323,1693.794277,0,0,0,0,0,50837.5799
2021-06-04,0,969.23472,0,11980.818633,0,0,13896.445935,17457.800735,0,3283.711587,9172.351579,0,7262.594631,30963.966452,0,46387.797843,0,23365.519436,0,138.241541,379.636556,23336.957959,8718.631482,0,1278.711215,5605.659539,0,0,0,0,0,40631.126846
2021-06-05,241.229402,775.672494,0,7718.504422,243.201808,0,13996.316746,13790.857441,0,2944.084317,8346.24973,0,5112.145955,22012.271622,0,31479.384351,0,19952.658159,0,327.267113,83.923489,19455.944559,6037.945104,0,491.86549,4803.912797,0,0,0,0,0,49493.12942
2021-06-06,187.563652,165.487781,0,14391.142724,0,0,14945.620373,13943.789408,0,1833.40865,8342.302211,0,3192.003832,15773.612478,0,37310.281761,133.7,17589.23094,0,343.985009,0,22047.20387,7791.067787,0,483.304155,8525.908053,0,0,0,0,0,54593.250068
2021-06-07,242.061237,200.121793,0,8878.124216,0,0,12499.83103,10588.215668,0,1749.675979,10130.049635,0,3836.426228,10101.620378,0,27414.141465,0,14451.888397,0,0,351.03469,16924.836161,42529.293124,0,1321.14829,2370.25004,0,0,0,0,0,45076.997257
2021-06-08,561.003077,180.740438,0,8703.11814,0,0,12732.990617,13733.896284,0,1264.265929,6735.383885,0,14468.207476,8006.633252,0,28053.752878,0,12833.883564,0,0,946.797565,20626.789195,33549.938786,0,835.979212,1023.51671,0,0,0,0,0,42620.125421
2021-06-09,351.383986,441.116398,0,8229.073404,0,0,13183.000404,50371.638156,0,591.520739,7285.660535,0,9255.360123,12153.358173,0,26566.839895,184.174762,18753.557393,0,0,352.156374,18617.280044,20879.378825,0,461.707706,1693.880003,0,0,0,0,0,36560.845116
2021-06-10,412.351061,555.814747,0,6643.47989,0,0,9992.361948,21152.946212,0,1274.742228,8609.041667,0,7191.200279,10685.667909,0,20875.723994,4.97,12282.746531,0,0,338.437133,16653.349072,24748.274722,0,911.49131,2831.380027,0,0,0,0,0,37002.117407
2021-06-11,161.168776,577.461492,0,6997.223319,36.153521,0,7935.175857,17014.433313,0,830.547798,8531.152465,0,2788.394352,9935.933342,0,30925.678125,85.233487,14397.122198,0,0,269.319359,12369.293015,18819.590625,0,552.724263,9832.63056,0,0,0,0,0,29858.632795
2021-06-12,33.181184,300.306057,0,7748.300113,0,0,9123.851999,12545.687126,0,1235.556134,8221.739668,0,2595.915419,10566.3887,0,26807.161431,0,16086.805536,0,0,79.269758,15228.306975,18323.233569,0,498.144758,3757.804414,0,0,0,0,0,40387.682813
2021-06-13,92.610961,53.178202,0,9273.314888,0,0,15530.500764,12719.17975,0,1063.721117,7676.734507,0,2020.506719,16845.226153,0,31847.904936,0,18314.196867,0,0,250.840576,14704.052508,17902.465758,0,193.306003,2314.578741,0,0,0,0,0,37201.079158
2021-06-14,134.23187,120.403475,0,9066.824505,32.107593,0,16399.819108,9463.813545,0,1264.911378,8309.308402,0,2423.304714,8060.939742,0,24307.920987,0,13067.343649,0,0,140.470722,15649.886413,14907.656053,0,290.126988,1771.290197,0,0,0,0,0,53500.051852
2021-06-15,0,43.030713,0,10633.433419,160.114281,0,12246.894919,11267.602231,0,596.954187,7563.284386,0,15251.072572,9031.461071,0,22054.235874,0,13141.571684,0,0,0,18304.435439,13823.588469,0,868.891481,1185.647908,0,0,0,0,0,38797.80075
2021-06-16,345.355286,44.961071,0,7700.169164,80.839097,0,10193.923395,10936.094755,0,458.676739,8805.781218,0,5239.483336,11239.869028,0,24697.212269,0,16393.058619,0,0,0,15969.314614,12857.20249,0,343.685174,2589.759063,0,0,0,0,0,31191.770932
2021-06-17,174.431079,170.175456,0,4832.666889,0,0,8986.836256,12878.964006,0,918.199556,6091.222385,0,9071.555057,10672.808325,0,23151.004522,141.38,13832.509162,0,0,0,21487.091013,11042.262504,0,596.852612,1307.438521,0,0,0,0,0,36218.552893
2021-06-18,1379.631559,236.735516,0,20102.483424,0,0,11024.0234,11949.408845,0,868.191541,6842.963337,0,6179.895777,11808.539955,0,27971.75207,0,13802.763596,0,0,176.356002,15765.987789,12821.008767,0,660.649986,5510.496758,0,0,0,0,0,30169.092014
2021-06-19,341.642912,534.707154,0,6333.092506,195.460357,0,11487.461118,20806.062136,0,232.351249,10665.511869,0,2576.213125,20076.288586,0,29894.146606,120.055501,20526.670505,0,0,249.782915,15111.283733,14651.905515,0,251.741378,2913.829096,0,0,0,0,0,35908.663958
2021-06-20,724.353587,0,0,10252.947031,161.729946,0,13191.103225,14025.57204,0,290.97734,6460.564037,0,4171.040296,12632.379635,0,34155.741632,0,21555.970052,0,0,0,20498.168414,16033.629486,0,106.866677,8996.621698,0,0,0,0,0,47165.206235
2021-06-21,260.147237,289.505044,0,7449.019878,319.453843,0,13026.51551,12832.388208,0,484.462271,5813.370169,0,8717.658575,8266.757534,0,24424.057512,0,14616.583278,0,0,0,15888.547614,11151.334982,0,846.676562,3868.894577,0,0,0,0,0,34673.24163
2021-06-22,83.496034,83.856633,0,10388.192197,0,0,13599.887242,8948.047082,0,131.989721,6894.054523,0,8692.663088,7776.083941,0,23541.802139,0,14659.653212,0,0,117.793737,18020.535613,5883.951756,0,685.212162,3110.041921,0,0,0,0,0,38780.749637
2021-06-23,579.045774,39.772881,0,6610.461594,346.177339,0,11871.327576,8278.527429,0,1009.328584,8198.941271,0,6025.867975,9315.818921,0,27216.752591,0,13931.216096,0,0,324.148984,17489.817,7168.759988,0,450.175281,2606.946853,0,0,0,0,0,37533.302178
2021-06-24,0,67.432528,0,53096.907561,0,0,13823.3981,11699.595394,0,596.83728,8479.525003,0,5559.296162,13045.12136,0,21217.988447,0,16122.503872,0,0,0,31493.783074,7783.737496,0,0,2101.40879,0,0,0,0,0,36614.176138
2021-06-25,0,0,0,9610.527848,35.722106,0,14102.048611,9016.837011,0,721.662181,4853.308257,0,4276.06717,9571.080742,0,24267.270886,94.88,12174.700084,0,0,484.044603,13587.495048,6780.00754,0,0,2274.255391,0,0,0,0,0,33273.308043
2021-06-26,0,59.053546,0,11372.927171,0,0,11831.73672,15518.103259,0,1040.350051,6518.684419,0,11672.11313,15840.347581,0,26712.922914,0,14938.248536,0,0,116.151424,18786.566877,8473.232881,0,452.635959,5172.487792,0,0,0,0,0,38715.033079
2021-06-27,0,465.834625,0,13867.995604,203.526118,0,20531.345296,11654.728762,0,811.419378,8761.021924,0,6785.099758,13457.346426,0,35115.868029,0,20913.313255,0,157.95455,355.584395,22758.594828,8627.932661,0,460.186912,4747.831946,0,0,0,0,0,53297.540931
2021-06-28,0,328.567364,0,4398.798791,0,0,12850.437956,12865.72204,0,0,5581.708298,0,1405.248725,11847.766382,0,25435.798476,0,13690.102146,0,0,674.417289,8191.18121,7193.08615,0,128.338072,2431.053561,0,0,0,0,0,27362.406036
2021-06-29,0,65.554552,0,4047.377718,336.939277,0,10693.308698,9460.803258,0,0,3694.824297,0,2563.367219,10929.605299,0,22536.592367,0,13631.238075,0,0,39.767135,11587.316963,6208.940095,0,0,1996.779866,0,0,0,0,0,25957.833636
2021-06-30,0,49.74383,0,7250.618513,114.410809,0,11713.866392,12593.505831,0,0,7999.563481,0,3036.685105,26691.062534,0,26423.333317,0,14734.352706,0,0,183.922999,12987.657924,8069.046859,0,0,1906.645709,0,0,0,0,0,28108.537113
2021-07-01,0,175.417899,0,3272.705755,94.252509,0,7635.058403,12691.682107,0,0,7784.173395,0,5820.895461,21538.952438,0,25344.192138,0,18944.496197,0,0,0,11858.255095,6786.200489,0,0,1437.099541,0,0,0,0,0,24481.630482
2021-07-02,710.745364,87.010806,0,4091.727011,80.8944,0,7310.253903,17107.023784,0,0,7552.979397,0,3899.702382,18477.336455,0,29829.616404,0,16285.920877,0,0,44.393268,9069.308696,6267.581055,0,0,2228.073748,0,0,0,0,0,25024.348294
2021-07-03,217.404441,227.452055,0,3957.585744,29.595512,0,7265.178002,18418.075605,0,0,6975.482746,0,1958.195746,19678.221586,0,37211.271006,0,21875.892932,0,202.480852,224.485289,10140.811845,6877.376941,0,494.953194,4234.946626,0,0,0,0,0,24068.539159
2021-07-04,0,286.847818,0,4689.47064,0,0,11149.62426,16230.659825,0,0,8436.728315,0,10403.737045,13739.000399,0,42930.957731,0,23321.842621,0,352.627814,208.693801,13282.131811,9450.813389,0,43.50827,2877.540773,0,0,0,0,0,25284.888044
2021-07-05,0,0,0,4224.350329,81.108693,0,8027.437135,12889.142495,0,0,8032.098569,0,3298.195469,9968.249406,0,31244.858647,0,18930.777982,0,352.627814,441.15216,14605.446416,8173.112606,0,337.622375,1874.698853,0,0,0,0,0,21593.254221
2021-07-06,0,166.632706,0,3969.201546,54.462205,0,7439.263254,13845.046178,0,0,6503.972268,0,5113.504037,10263.336972,0,27943.235792,127.96,16825.01252,0,0,108.957277,11147.087618,8414.413109,0,0,1397.236771,0,0,0,0,0,24634.736771
2021-07-07,0,40.668376,0,2867.471922,0,0,9466.540024,14018.054094,0,0,8056.172638,0,4191.71632,12766.400312,0,24735.127719,116.366945,15854.482097,0,624.478765,0,10048.197965,6616.506893,0,0,959.315688,0,0,0,0,0,21204.826504
2021-07-08,0,0,0,4363.711443,80.439201,0,9249.166821,13183.00198,0,0,7242.816347,0,6188.358421,10317.823264,0,24985.401463,63.648058,13718.024969,0,202.28115,0,12770.689544,7989.120998,0,97.809927,2792.139739,0,0,0,0,0,25204.315031
2021-07-09,0,1301.872573,0,3659.168829,0,0,6968.373081,15211.914493,0,0,7730.727522,0,1954.252716,13449.893365,0,36720.499941,0,22529.854558,0,483.290505,0,9990.18213,15106.564547,0,372.956531,6343.152945,0,0,0,0,0,19202.878084
2021-07-10,0,1887.2045,0,3791.149229,333.157108,0,6961.108914,13882.965641,0,0,7663.631697,0,1179.062384,15455.073026,0,36694.681233,0,21485.502074,0,350.312818,116.879705,9704.486087,13909.089814,0,298.991237,3649.535757,0,0,0,0,0,21750.194251
2021-07-11,0,424.5479,0,2930.097496,67.927331,0,9507.572213,18243.341329,0,0,9426.958075,0,1814.026374,12336.36915,0,41220.188423,0,23045.138567,0,373.878192,249.733484,12110.655876,11713.886329,0,201.894223,1975.933488,0,0,0,0,0,28648.217209
2021-07-12,1151.298064,576.928257,0,4320.678456,0,0,11210.259009,20718.090405,0,0,7372.576464,0,1437.853271,7687.957251,0,29436.967664,164.506404,18425.427683,0,201.894223,476.490253,11182.252932,6336.194277,0,388.833319,2025.696545,0,0,0,0,0,28953.65278
2021-07-13,219.690979,525.952346,0,3865.02969,102.742069,0,7462.601739,12359.218541,0,0,6619.439983,0,3336.563503,10677.205149,0,32041.514748,0,24059.844036,0,168.191679,0,12329.482614,9526.253972,0,0,1856.377812,0,0,0,0,0,26969.020792
2021-07-14,244.686634,493.739698,0,6376.658191,0,0,9315.7465,9456.708185,0,0,5661.60181,0,1905.308765,11085.00554,0,29382.272311,0,16289.803915,0,410.323736,229.652195,13670.340427,6255.467857,0,612.020962,1512.210666,0,0,0,0,0,26218.075749
2021-07-15,287.390834,1480.859292,0,4649.163449,116.509533,0,10566.989753,10746.027162,0,0,4488.461363,0,2087.694192,12087.027371,0,29470.546135,0,16727.298954,0,537.586203,289.406602,13277.379581,8363.69521,0,510.136752,1049.306836,0,0,0,0,0,24147.684682
2021-07-16,0,774.664951,0,5310.887349,0,0,7097.342044,11392.971462,0,0,6725.769831,0,3150.705046,10622.943292,0,31893.351641,0,20354.811992,0,528.104584,199.183518,15209.405766,8017.487593,0,461.16175,1411.925084,0,0,0,0,0,26412.492884
2021-07-17,26.025886,739.40155,0,5408.200793,0,0,7984.667387,12580.441944,0,0,6257.941208,0,1510.402872,19841.747098,0,36705.644368,0,19022.632953,0,807.572943,282.710999,12592.20631,6202.138752,0,481.756987,2021.25286,0,0,0,0,0,28891.772229
2021-07-18,59.261004,543.386295,0,6076.942446,9.99043,0,11797.340867,16303.00581,0,0,5671.95767,0,2407.561415,19709.29833,0,42452.012913,0,24024.664621,0,2160.64716,0,12896.18598,7318.49692,0,163.008517,1718.089383,0,0,177.879503,0,0,34489.926796
2021-07-19,72.590656,212.977804,0,7728.873686,0,0,9886.725921,13146.07083,0,0,4985.932988,0,2346.915128,14693.325056,0,35126.838714,0,18518.388261,0,474.206595,55.946408,13208.098552,7741.874857,0,163.008517,953.995244,0,0,0,0,0,32253.885736
2021-07-20,46.259891,71.195706,0,14299.11601,0,0,20284.40482,14210.032963,0,183.629292,4448.783778,0,30224.883705,6491.540986,0,30447.742725,153.19,21229.536453,0,2072.148696,268.528367,28323.505229,6571.752543,0,349.262914,1331.439715,0,0,0,0,0,60571.749725
2021-07-21,31.486281,491.469853,0,9010.136871,10.04042,0,20400.040855,13166.818583,0,520.131685,5759.336881,0,7756.143377,16534.510697,0,31893.733133,114.455966,19780.904101,0,1508.642065,362.807393,28093.082069,8662.975483,0,520.131684,2424.820077,0,0,0,0,0,41444.905895
2021-07-22,31.538423,370.318587,0,10204.564613,104.807147,0,17547.751094,13896.21466,0,359.243151,4583.600379,0,10414.952172,14571.338716,0,42605.732789,0,25050.560305,0,1093.193877,88.836534,25230.339901,9226.254917,0,225.930557,4967.141329,0,0,0,0,0,40639.019514
2021-07-23,31.538423,328.493435,0,7783.135349,0,0,14621.19955,16356.939058,0,0,5935.534522,0,6851.052435,24360.240372,0,56622.541914,174.92,32701.686471,0,892.047638,585.046055,17141.236733,9809.096162,0,520.374394,9272.041403,0,0,0,0,0,36547.55859
2021-07-24,265.29809,230.318438,0,7459.561688,99.664738,0,18170.968974,18126.320298,0,0,6136.336605,0,4655.856675,29216.047781,0,63842.734333,212.071679,33294.252384,0,1290.264802,0,17868.865339,11190.871612,0,596.920701,3602.082087,0,0,0,0,0,45446.1445
2021-07-25,0,100.44571,0,13381.003587,346.401963,0,19203.72862,30922.762018,0,0,7913.397442,0,4941.245227,31756.718793,0,136773.549971,0,56577.16498,0,788.463323,138.366977,19861.41123,26344.494066,0,1021.332871,5234.612993,0,0,0,0,0,48482.061352
2021-07-26,0,241.703144,0,9668.230661,397.167767,0,15009.016309,25954.510871,0,0,9507.666045,0,3978.954377,20642.769798,0,124014.872424,0,51152.041123,0,455.392836,304.694369,14094.909357,27270.575886,0,1449.431392,5108.225397,0,0,0,0,0,48419.215782
2021-07-27,324.223355,276.209109,0,19262.227451,0,0,16282.095412,38518.241979,0,0,14409.54289,0,3312.233242,34645.165831,0,125845.31313,0,77020.372579,0,1584.719317,95.665109,22079.470827,44659.355974,0,464.391572,3870.151116,0,0,0,0,0,36976.410145
2021-07-28,132.530667,214.248384,0,7088.547529,189.746654,0,16050.824881,30256.161853,0,0,9776.323216,0,2834.879757,28623.344457,0,126221.625067,0,67353.260406,0,979.440934,755.957835,21093.306824,29206.791511,0,191.433186,4864.866034,0,0,0,0,0,35332.013715
2021-07-29,0,316.552339,0,7782.316495,281.086837,0,9811.76726,28226.776358,0,0,12677.791985,0,1806.057969,24130.034898,0,101414.646409,0,54709.844677,0,0,259.114104,15790.893913,24891.05727,0,375.115625,4846.696805,0,0,0,0,0,35400.844053
2021-07-30,310.590177,543.099495,0,6956.234143,434.476318,0,12316.547895,30946.491295,0,0,12439.97879,0,15435.411716,20578.937915,0,85698.215299,0,54150.408792,0,732.105417,138.470511,18921.065375,30552.069787,0,177.480102,5267.50794,0,0,0,0,0,38391.128523
2021-07-31,213.365435,823.337607,0,7186.637943,232.674058,0,14020.364147,28229.335303,0,0,13190.588728,0,3185.550888,27705.478156,0,100869.852318,301.7,53944.899441,0,787.272031,263.788187,14817.849464,28864.593851,0,286.949619,4413.798964,0,0,0,0,0,33023.939988
2021-08-01,0,1059.971574,0,8888.011624,90.252509,0,18503.795523,37604.742643,0,0,22455.416903,0,4934.415647,73840.990277,0,143122.348734,0,73900.049823,0,500.176865,502.405636,18008.720243,39538.251554,0,242.73289,23665.156801,0,0,0,0,0,50974.040362
2021-08-02,0,558.471589,0,9597.106826,0,0,12276.311563,26115.019429,0,0,10035.048861,0,3528.085783,20247.366446,0,80488.430676,0,35146.861469,0,228.021806,105.294594,17162.281918,23122.619963,0,746.587526,2392.612249,0,0,0,0,0,38514.981159
2021-08-03,1597.839219,89.493603,0,6627.277,301.214399,0,14127.800691,26249.97561,0,0,12151.861369,0,7918.864598,24233.176606,0,80369.762297,0,45693.01304,0,397.618977,233.286696,20724.506285,20031.413911,0,530.158635,3304.754142,0,0,0,0,0,41829.286629
2021-08-04,0,161.352528,0,15482.894319,0,0,13034.958031,23460.968262,0,0,12621.666751,0,5605.775873,28797.371718,0,67722.371192,0,40718.05519,0,258.699055,105.887596,25534.228334,22854.293364,0,678.492237,5861.454882,0,0,0,0,0,38832.645395
2021-08-05,184.871889,0,0,6277.206236,0,0,9778.400172,24657.970616,0,0,5978.340242,0,1979.608183,29434.626526,0,61924.640709,35.061988,36997.353632,0,362.348901,156.070439,19993.737392,21623.940553,0,734.540589,3879.089116,0,0,0,0,0,29252.55016
2021-08-06,0,164.453181,0,7006.93428,211.491897,0,11165.884247,24217.995575,0,199.889104,5203.667376,0,7799.425701,34110.172708,0,58721.483285,78,43153.084727,0,980.726653,340.200102,20040.27087,20671.251787,0,455.302957,5172.902809,0,0,0,0,0,35155.490638
2021-08-07,95.77287,351.47681,0,7609.187056,1284.352575,0,17254.203208,29983.629815,0,184.178597,4908.882614,0,5848.163339,30339.162458,0,93253.076473,0,45089.779995,0,397.82577,163.878205,18682.512796,24111.148956,0,132.60859,2370.575849,0,0,0,0,0,41559.836578
2021-08-08,0,154.819344,0,7845.151302,925.969093,0,20470.455976,44247.016597,0,0,7472.137018,0,2703.018438,63150.268695,0,181726.956612,0,72059.897206,0,169.401269,458.505591,21518.075684,47332.23513,0,353.510987,27128.517584,0,0,0,0,0,49514.114358
2021-08-09,0,397.439965,0,8198.581771,0,0,11557.497306,39988.653194,0,0,5318.85815,0,6490.491764,43435.339412,0,120946.824076,0,56441.432795,0,537.664897,0,18233.203587,40354.65755,0,589.221804,10596.691995,0,0,0,0,0,38759.924022
2021-08-10,198.159731,377.776844,0,7774.786018,119.739095,0,12226.082484,30168.950793,0,0,5109.198145,0,5775.880167,22491.213395,0,71381.513668,215,34573.528032,0,146.784986,0,19040.905701,21366.528351,0,374.301714,3334.195649,0,0,0,0,0,37268.049783
2021-08-11,95.410241,351.564972,0,6993.832355,234,0,13241.474975,26878.007944,0,0,5350.668289,0,4004.190196,34549.487726,0,62593.679433,165,29514.906714,0,168.879632,104.680677,19688.484364,19101.626607,0,220.27778,5419.012344,0,0,0,0,0,43369.691293
2021-08-12,176.676825,342.136988,0,6118.090721,0,0,11782.807006,16070.853431,0,0,4427.298954,0,3674.604996,28563.787826,0,66083.707068,0,26744.318615,0,536.009266,0,19643.016625,17167.835522,0,253.965574,6601.571918,0,0,0,0,0,33396.129956
2021-08-13,265.015238,160.305772,0,8018.550668,24.906264,0,10607.196009,18269.802418,0,0,3381.763721,0,11549.353412,27785.532524,0,62318.407049,0,28976.42587,0,301.196004,50.211028,23050.120161,17408.823566,0,611.635634,9356.998632,0,0,0,0,0,39740.327675
2021-08-14,206.141565,722.3788,0,7808.389362,0,0,14330.71808,23566.49507,0,352.779259,3774.802822,0,2775.567181,27946.455527,0,51089.378172,0,30585.437512,0,0,162.535214,14218.088732,16632.18916,0,404.920931,6216.916692,0,0,0,0,0,40660.444507
2021-08-15,0,66.103282,0,11410.064133,0,0,17812.087901,20562.83314,0,0,4701.868383,0,3639.32495,32573.279427,0,57102.21469,0,29888.713037,0,169.368851,139.21752,21195.56055,17175.347679,0,451.404807,6820.558908,0,0,0,0,0,55506.970197
2021-08-16,176.732714,0,0,9351.409131,53.082939,0,15623.842005,17837.9254,0,0,5079.327101,0,4268.80933,12584.854082,0,43315.198666,335,24754.422956,0,0,500.782449,23346.295756,11014.118097,0,860.099207,3083.617995,0,0,0,0,0,46415.444513
2021-08-17,0,594.311852,0,9645.936291,503.312883,0,17802.439011,22594.481384,0,0,2565.951799,0,5199.851437,22808.979526,0,40502.004569,90,21596.665331,0,0,0,24486.235506,12234.460376,0,0,3835.614008,0,0,0,0,0,45903.506708
2021-08-18,146.676083,608.440816,0,9360.317101,170.80608,0,13332.818711,19697.170009,0,0,2690.361594,0,3759.335229,18649.336683,0,35904.088365,0,23756.140508,0,414.163919,260.228087,21054.49141,9596.075094,0,217.98101,4297.383875,0,0,0,0,0,43387.304021
2021-08-19,232.513078,0,0,9902.91623,0,0,16321.006884,20378.302671,0,195.507576,3833.669991,0,16878.080001,16743.283038,0,31292.453669,0,16658.512338,0,1383.785445,1622.631111,33105.08981,9220.688189,0,591.048948,1468.182152,0,0,0,0,0,43192.253876
2021-08-20,0,0,0,6395.645231,244.532425,0,14124.098447,13642.195792,0,181.025533,3850.933825,0,4389.119312,21398.133234,0,34065.16997,0,20810.629538,0,846.95577,0,24253.999354,7217.186141,0,981.70472,2060.991719,0,0,0,0,0,39166.748931
2021-08-21,0,59.131187,0,7460.222768,90.200116,0,20389.182514,17517.983088,0,0,6187.147435,0,3621.789079,23188.981817,0,37760.883782,212.929042,20440.867412,0,2119.430168,501.111759,20417.768424,12105.127319,0,831.853094,2861.049602,0,0,0,0,0,45919.650511
2021-08-22,0,498.552978,0,10019.015185,581.275498,0,22244.440474,18018.278988,0,0,6003.811385,0,6143.932875,27343.617983,0,51145.598968,0,25568.436765,0,2116.763857,90.196139,27706.339793,11467.207827,0,2938.364504,8423.290623,0,0,0,0,0,60740.638714
2021-08-23,0,565.229139,0,9956.844113,200.435865,0,19811.692461,26034.08885,0,0,2770.251415,0,6466.093952,25354.544713,0,53372.748842,251.99142,24863.321925,0,2239.470809,175.381381,22385.293732,15205.447354,0,814.482696,6935.773344,0,0,0,0,0,52095.229499
2021-08-24,0,224.855479,0,9304.632871,0,0,14320.510369,24990.651195,0,0,3435.125151,0,5842.499148,23338.651255,0,35005.703581,0,18638.499596,0,971.509162,0,19439.478547,9639.237846,0,1825.753806,3997.188552,0,0,0,0,0,44363.425977
2021-08-25,179.909104,500.779567,0,11118.465382,0,0,16227.626907,23537.909112,0,0,2298.333678,0,3719.600621,18170.094278,0,32313.096871,298.445831,16659.474796,0,1060.005418,0,21737.73066,9277.45596,0,1362.642906,943.41225,0,0,0,0,0,40981.71183
2021-08-26,174.339213,250.307768,0,8464.780211,0,0,15403.538562,12955.165379,0,0,2001.146293,0,7515.134689,11285.718396,0,33941.992576,0,14232.394636,0,1045.714608,115.049534,25272.162143,4415.250887,0,2301.527935,1707.260297,0,0,0,0,0,43711.652101
2021-08-27,42.124712,0,0,10317.354374,0,0,14012.465628,17436.5083,0,0,4575.647128,0,6322.659416,24727.075786,0,33940.136308,0,16915.09541,0,536.592077,0,16453.606189,14192.979356,0,1065.78376,5114.489787,0,0,0,0,0,46855.883742
2021-08-28,0,67.035739,0,8827.995981,32.017069,0,15604.542388,14264.858794,0,0,2868.620919,0,4474.87522,13273.601345,0,33946.366999,0,21336.986307,0,681.446794,233.124286,19748.395256,6798.903912,0,1265.94111,3058.90836,0,0,0,0,0,53343.755969
2021-08-29,0,358.437732,0,11828.530926,630.336036,0,23669.233397,11728.189273,0,0,2789.412061,0,4068.730652,11472.676247,0,32786.453685,0,17505.930733,0,1723.287387,65.044673,24805.82828,8019.83546,0,1175.397063,4546.353089,0,0,0,0,0,64103.660667
2021-08-30,0,160.109966,0,11192.793565,0,0,19931.053432,11923.043519,0,0,3058.646193,0,6341.728989,8449.466886,0,31599.576972,0,14403.838273,0,802.215517,10.006872,26775.174494,6744.94164,0,1430.889343,3413.562682,0,0,0,0,0,57944.36625
2021-08-31,175.083456,51.035052,0,11925.186022,0,0,22786.390597,13506.178067,0,0,3160.648113,0,4357.50611,7752.526482,0,27206.661699,0,13950.739895,0,116.685828,95.097709,25847.687835,6482.49103,0,2221.812486,1549.622696,0,0,0,0,0,57755.963777
2021-09-01,0,0,0,9277.119123,0,0,18147.444769,15285.732503,0,0,2777.746235,0,8903.039945,15524.233155,0,25678.332581,0,18630.119074,0,840.422552,0,29723.738798,6121.403862,0,1189.289266,1585.982811,0,0,0,0,0,59309.874772
2021-09-02,0,9.99014,0,10450.890781,0,0,14463.74856,11693.081943,0,0,1961.563011,0,7623.752104,11574.867319,0,24827.523078,0,15009.359724,0,1182.419522,199.802811,26979.012621,7850.20461,0,968.990227,1398.958685,0,0,0,0,0,52196.945345
2021-09-03,0,118.228319,0,8180.696693,52.012183,0,14832.779821,15012.001422,0,73.971954,3013.126284,0,4135.696466,17984.899553,0,24923.428693,549.327154,13618.382255,0,701.069558,0,16182.401337,6980.207853,0,1138.298278,2844.480578,0,0,0,0,0,43578.559895
2021-09-04,0,242.494708,0,9304.560063,0,0,17686.2173,12342.434648,0,0,4556.788143,0,1995.128953,21850.920859,0,31444.629018,158.25,18840.691765,0,884.97715,0,23474.618865,7078.598103,0,757.489237,2604.579167,0,0,0,0,0,56942.980987
2021-09-05,0,532.589986,0,11809.407608,59.126052,0,21884.46723,17560.802053,0,74.483677,3079.558758,0,2938.986179,27958.433765,0,49788.881055,130.36,28772.090141,0,633.111258,0,25654.986529,12639.6079,0,1087.347608,5955.870005,0,0,0,0,0,56222.768652
2021-09-06,186.209193,745.990396,0,10228.143262,0,0,14981.512789,8401.183389,0,0,1365.912018,0,4080.215848,9513.973953,0,30465.999316,0,18266.65216,0,886.31852,270.576849,18357.224778,6290.929948,0,1428.596933,814.554748,0,0,0,0,0,49962.672011
2021-09-07,0,30.064094,0,6820.128548,95.202965,0,18630.065843,16063.662514,0,0,2458.383091,0,3072.159925,10534.590797,0,28359.134043,119.95,15519.687944,0,185.945143,0,18913.872972,7450.838468,0,1317.632311,974.460144,0,0,0,0,0,40467.822242
2021-09-08,0,83.885938,0,10738.936263,265.638805,0,17637.601864,11710.829239,0,0,2466.246593,0,3513.334846,9790.621972,0,29001.609736,0,15734.551437,0,178.507337,174.762372,21177.451611,6201.879732,0,577.915013,1381.471173,0,0,0,0,0,45766.359248
2021-09-09,0,96.468829,0,7805.284827,30.166637,0,13330.868974,23620.977401,0,0,4393.712324,0,3555.258526,19313.238278,0,48986.60547,0,29706.522716,0,531.235997,0,19932.697508,12202.530031,0,1009.368733,5787.475035,0,0,0,0,0,43902.150539
2021-09-10,0,103.078611,0,8566.428271,132.229121,0,14530.10572,18832.58816,0,0,3683.902226,0,10489.502306,21644.076987,0,43300.997634,410.5,24642.586974,0,928.658998,0,20090.876832,13105.937742,0,206.450656,10676.478328,0,0,0,0,0,39896.83382
2021-09-11,0,171.146932,0,15552.235364,165.121531,0,13592.169465,20226.282705,0,0,3164.608801,0,5206.882615,18681.565945,0,39717.422436,613.82,28699.058546,0,707.814715,0,21022.297318,13203.0591,0,1961.247679,8134.466493,0,0,0,0,0,40913.083196
2021-09-12,0,138.598708,0,9827.390995,416.509562,0,14210.024019,22752.019468,0,0,4587.995347,0,2036.815205,46879.280636,0,46845.946108,105.42,32119.66159,0,493.818053,0,17839.110032,14388.735703,0,1913.344789,22306.641021,0,0,0,0,0,51191.394947
2021-09-13,81.074605,529.877376,0,9186.106604,0,0,13305.256724,13529.481025,0,0,2493.867014,0,3694.717187,19782.397925,0,32130.351499,375.891354,20821.337855,0,449.59554,82.05844,16050.472348,8068.782878,0,1024.488199,5398.854094,0,0,0,0,0,49437.933556
2021-09-14,0,181.128998,0,7931.294257,0,0,13691.704247,16089.887629,0,0,3692.881749,0,3574.356846,13718.078797,0,39305.405611,297.51,19436.553299,0,368.14068,0,21263.645045,7031.135721,0,896.153524,3627.459048,0,0,0,0,0,45885.612497
2021-09-15,161.244426,398.539414,0,7146.988547,130,0,11399.423677,15400.433056,0,0,2077.507861,0,3134.301932,14637.599579,0,29607.464588,126.77,18618.841689,0,563.262911,0,20784.118069,9092.675644,0,733.297944,3355.774282,0,0,0,0,0,48992.989813
2021-09-16,183.236305,184.442198,0,10148.422271,119.221192,0,14610.382281,13400.340068,0,0,3466.291393,0,4199.154195,11388.205048,0,31305.125338,168.577401,13009.437035,0,1066.435297,0,19165.024331,6467.566579,0,820.898647,2847.27113,0,0,0,0,0,45013.125807
2021-09-17,1739.878029,945.83219,0,7469.794123,0,0,11464.754851,15366.6119,0,0,2229.646713,0,3502.589833,10696.960985,0,26588.488574,0,18024.845006,0,1269.930691,34.118405,17576.732802,7179.500708,0,941.500339,7207.503504,0,0,0,0,0,44850.171706
2021-09-18,253.599159,126.221239,0,9061.244227,0,0,14336.767364,16440.624796,0,0,2410.719692,0,2144.815836,14384.630576,0,31020.830391,145.723639,18863.635728,0,1844.922622,90.037253,19483.620271,7078.743396,0,72.861819,8224.980139,0,0,0,0,0,44015.058588
2021-09-19,349.502923,117.143725,0,9669.693565,123.555706,0,14379.697,23604.365027,0,0,3122.255141,0,2701.492709,25968.197401,0,30832.334636,0,20403.816481,0,997.851419,0,15826.845917,6074.445384,0,72.83587,3133.19895,0,0,0,0,0,54621.874691
2021-09-20,640.919239,201.681839,0,8688.749732,301.135772,0,10496.879795,15894.047841,0,0,2639.317238,0,2311.774098,14898.680855,0,35270.680515,0,19823.255714,0,1070.687289,0,18167.97548,6730.016113,0,619.104896,2486.148175,0,0,0,0,0,47146.557228
2021-09-21,608.597136,194.770336,0,9630.486156,154.884877,0,11807.554546,8620.413374,0,0,2245.106568,0,1260.81559,7385.651171,0,27386.223532,129.819655,11271.010257,0,1698.431138,0,13597.814946,5243.547215,0,218.021135,970.850465,0,0,0,0,0,41968.740545
2021-09-22,0,87.253344,0,7481.822342,160.970531,0,10110.857399,15731.219182,0,0,3458.767007,0,5674.582827,16146.792965,0,28475.625123,0,14991.547712,0,565.246448,0,17230.514993,6207.205272,0,531.875168,1937.110377,0,0,0,0,0,44720.946801
2021-09-23,0,269.37482,0,7551.764275,51.257815,0,9438.12647,11247.214926,0,0,2548.84432,0,8454.914121,13786.329776,0,33481.681709,89.95,17914.784171,0,916.681445,75.231627,16214.106121,3701.253456,0,404.345603,2231.698219,0,0,0,0,0,35675.0013
2021-09-24,87.423271,82.350284,0,7482.535514,0,0,8877.88771,11971.909056,0,0,1330.17549,0,4814.238013,10839.232891,0,23453.088749,0,15577.265293,0,1121.29684,219.721818,16941.494178,5532.914511,0,0,2900.522428,0,0,0,0,0,38697.773285
2021-09-25,0,466.05197,0,5998.359861,219.58646,0,9064.218983,13769.474732,0,0,2158.794793,0,2902.364107,16986.364242,0,29881.22622,0,14711.688952,0,1161.530228,109.364596,13041.379082,5534.438263,0,813.79474,2163.489939,0,0,0,0,0,38749.794938
2021-09-26,0,149.113133,0,9849.849934,0,0,14471.827779,13555.06511,0,0,2077.693803,0,1520.44201,20778.582981,0,35106.029463,137.97,19103.308471,0,2336.026212,298.045525,13416.319595,6147.041536,0,391.99565,1899.925707,0,0,0,0,0,47897.037406
2021-09-27,290.367148,213.999939,0,8461.379145,24.454554,0,10433.243378,9242.01397,0,0,909.816046,0,2678.636944,10784.376962,0,23149.090929,0,14937.09642,0,1488.857553,295.244006,16509.426731,6034.599503,0,415.188726,1155.039371,0,0,0,0,0,41653.927575
2021-09-28,145.531085,123.347814,0,7723.236295,90.461968,0,8527.66626,10897.474937,0,0,1921.479984,0,1914.565487,9716.07674,0,22096.913591,242.94,13914.716294,0,1575.373998,109.061641,16996.228475,4045.028374,0,53.111569,1279.903378,0,0,0,0,0,40544.158756
2021-09-29,384.006986,0,0,10418.012,158.635115,0,12537.18304,12009.847179,0,0,1639.985157,0,3753.419501,10074.713468,0,26173.251539,162.332605,13453.911098,0,677.446286,246.720508,17757.949035,5212.467859,0,608.614844,1076.609083,0,0,0,0,0,41978.902921
2021-09-30,0,167.376223,0,10098.572459,29.08945,0,8311.580885,15376.165586,0,0,2126.466067,0,4233.533885,24163.417841,0,25102.957151,12.959128,13628.640497,0,1345.138695,0,17597.903469,5177.08618,0,564.035428,724.340165,0,0,0,0,0,37485.914986
